competition,season,round,date,home_team,away_team,home_score,away_score,pace,home_ortg,away_ortg,home_drtg,away_drtg,home_rest,away_rest,rest_diff,bayern_is_home,bayern_score,opp_score,bayern_win,opp_team
BBL,2019-2020,Round 1,2019-09-30,FC Bayern München,Hamburg Towers,111,55,76.2,145.7,72.2,72.2,145.7,7,7,0,1,111,55,1,Hamburg Towers
EuroLeague,2019-2020,Round 1,2019-10-03,FC Bayern München,AX Armani Exchange Milan,78,64,71.5,109.1,89.5,89.5,109.1,3,7,-4,1,78,64,1,AX Armani Exchange Milan
BBL,2019-2020,Round 2,2019-10-06,SKYLINERS Frankfurt,FC Bayern München,77,81,72.4,106.4,111.9,111.9,106.4,7,3,4,0,81,77,1,SKYLINERS Frankfurt
EuroLeague,2019-2020,Round 2,2019-10-10,CSKA Moscow,FC Bayern München,79,68,71.5,110.5,95.1,95.1,110.5,7,4,3,0,68,79,0,CSKA Moscow
BBL-Pokal,2019-2020,Round of 16,2019-10-14,Telekom Baskets Bonn,FC Bayern München,84,90,75.0,112.0,120.0,120.0,112.0,7,4,3,0,90,84,1,Telekom Baskets Bonn
EuroLeague,2019-2020,Round 3,2019-10-17,FC Bayern München,LDLC ASVEL Villeurbanne,104,63,71.5,145.5,88.1,88.1,145.5,3,7,-4,1,104,63,1,LDLC ASVEL Villeurbanne
BBL,2019-2020,Round 3,2019-10-20,FC Bayern München,Basketball Löwen Braunschweig,75,62,69.8,107.4,88.8,88.8,107.4,3,7,-4,1,75,62,1,Basketball Löwen Braunschweig
EuroLeague,2019-2020,Round 4,2019-10-24,FC Bayern München,Khimki Moscow Region,74,87,71.5,103.5,121.7,121.7,103.5,4,7,-3,1,74,87,0,Khimki Moscow Region
BBL,2019-2020,Round 4,2019-10-27,medi bayreuth,FC Bayern München,75,91,73.1,102.6,124.5,124.5,102.6,7,3,4,0,91,75,1,medi bayreuth
EuroLeague,2019-2020,Round 5,2019-10-30,FC Bayern München,Real Madrid,95,86,71.5,132.9,120.3,120.3,132.9,3,7,-4,1,95,86,1,Real Madrid
EuroLeague,2019-2020,Round 6,2019-11-01,KIROLBET Baskonia Vitoria-Gasteiz,FC Bayern München,93,60,71.5,130.1,83.9,83.9,130.1,7,2,5,0,60,93,0,KIROLBET Baskonia Vitoria-Gasteiz
BBL,2019-2020,Round 5,2019-11-03,FC Bayern München,Würzburg Baskets,71,60,68.5,103.6,87.6,87.6,103.6,2,7,-5,1,71,60,1,Würzburg Baskets
EuroLeague,2019-2020,Round 7,2019-11-08,Fenerbahce Beko Istanbul,FC Bayern München,90,82,71.5,125.9,114.7,114.7,125.9,7,5,2,0,82,90,0,Fenerbahce Beko Istanbul
BBL,2019-2020,Round 6,2019-11-10,JobStairs GIESSEN 46ers,FC Bayern München,76,82,74.0,102.7,110.8,110.8,102.7,7,2,5,0,82,76,1,JobStairs GIESSEN 46ers
EuroLeague,2019-2020,Round 8,2019-11-15,Valencia Basket,FC Bayern München,82,56,71.5,114.7,78.3,78.3,114.7,7,5,2,0,56,82,0,Valencia Basket
BBL,2019-2020,Round 7,2019-11-17,FC Bayern München,ratiopharm ulm,83,69,71.8,115.6,96.1,96.1,115.6,2,7,-5,1,83,69,1,ratiopharm ulm
EuroLeague,2019-2020,Round 9,2019-11-19,FC Bayern München,Olympiacos Piraeus,85,82,71.5,118.9,114.7,114.7,118.9,2,7,-5,1,85,82,1,Olympiacos Piraeus
EuroLeague,2019-2020,Round 10,2019-11-22,FC Bayern München,Panathinaikos OPAP Athens,75,87,71.5,104.9,121.7,121.7,104.9,3,7,-4,1,75,87,0,Panathinaikos OPAP Athens
EuroLeague,2019-2020,Round 11,2019-11-29,Anadolu Efes Istanbul,FC Bayern München,104,75,71.5,145.5,104.9,104.9,145.5,7,7,0,0,75,104,0,Anadolu Efes Istanbul
EuroLeague,2019-2020,Round 12,2019-12-05,Maccabi FOX Tel Aviv,FC Bayern München,77,55,71.5,107.7,76.9,76.9,107.7,7,6,1,0,55,77,0,Maccabi FOX Tel Aviv
BBL,2019-2020,Round 8,2019-12-08,FC Bayern München,BG Göttingen,82,68,70.2,116.8,96.9,96.9,116.8,3,7,-4,1,82,68,1,BG Göttingen
EuroLeague,2019-2020,Round 13,2019-12-13,FC Bayern München,Zenit St Petersburg,77,69,71.5,107.7,96.5,96.5,107.7,5,7,-2,1,77,69,1,Zenit St Petersburg
BBL-Pokal,2019-2020,Quarterfinal,2019-12-14,FC Bayern München,Telekom Baskets Bonn,70,77,72.0,97.2,106.9,106.9,97.2,1,14,-13,1,70,77,0,Telekom Baskets Bonn
BBL,2019-2020,Round 9,2019-12-15,HAKRO Merlins Crailsheim,FC Bayern München,75,87,74.5,100.7,116.8,116.8,100.7,7,1,6,0,87,75,1,HAKRO Merlins Crailsheim
EuroLeague,2019-2020,Round 14,2019-12-18,ALBA Berlin,FC Bayern München,76,77,71.5,106.3,107.7,107.7,106.3,7,3,4,0,77,76,1,ALBA Berlin
EuroLeague,2019-2020,Round 15,2019-12-20,FC Bayern München,FC Barcelona,67,77,71.5,93.7,107.7,107.7,93.7,2,7,-5,1,67,77,0,FC Barcelona
BBL,2019-2020,Round 10,2019-12-22,FC Bayern München,RASTA Vechta,79,66,70.0,112.9,94.3,94.3,112.9,2,7,-5,1,79,66,1,RASTA Vechta
BBL,2019-2020,Round 11,2019-12-26,Bamberg Baskets,FC Bayern München,76,82,72.5,104.8,113.1,113.1,104.8,7,4,3,0,82,76,1,Bamberg Baskets
EuroLeague,2019-2020,Round 16,2019-12-27,FC Bayern München,Zalgiris Kaunas,73,98,71.5,102.1,137.1,137.1,102.1,1,7,-6,1,73,98,0,Zalgiris Kaunas
BBL,2019-2020,Round 12,2019-12-30,FC Bayern München,SYNTAINICS MBC,89,64,73.2,121.6,87.4,87.4,121.6,3,7,-4,1,89,64,1,SYNTAINICS MBC
EuroLeague,2019-2020,Round 17,2020-01-02,Crvena Zvezda mts Belgrade,FC Bayern München,93,63,71.5,130.1,88.1,88.1,130.1,7,3,4,0,63,93,0,Crvena Zvezda mts Belgrade
BBL,2019-2020,Round 13,2020-01-05,EWE Baskets Oldenburg,FC Bayern München,83,90,75.1,110.5,119.8,119.8,110.5,7,3,4,0,90,83,1,EWE Baskets Oldenburg
EuroLeague,2019-2020,Round 18,2020-01-10,FC Bayern München,CSKA Moscow,77,84,71.5,107.7,117.5,117.5,107.7,5,14,-9,1,77,84,0,CSKA Moscow
EuroLeague,2019-2020,Round 19,2020-01-15,Panathinaikos OPAP Athens,FC Bayern München,98,83,71.5,137.1,116.1,116.1,137.1,14,5,9,0,83,98,0,Panathinaikos OPAP Athens
EuroLeague,2019-2020,Round 20,2020-01-17,Olympiacos Piraeus,FC Bayern München,89,72,71.5,124.5,100.7,100.7,124.5,14,2,12,0,72,89,0,Olympiacos Piraeus
BBL,2019-2020,Round 14,2020-01-19,FC Bayern München,MHP RIESEN Ludwigsburg,77,81,71.0,108.5,114.1,114.1,108.5,2,7,-5,1,77,81,0,MHP RIESEN Ludwigsburg
EuroLeague,2019-2020,Round 21,2020-01-23,FC Bayern München,Maccabi FOX Tel Aviv,80,68,71.5,111.9,95.1,95.1,111.9,4,14,-10,1,80,68,1,Maccabi FOX Tel Aviv
BBL,2019-2020,Round 15,2020-01-26,ALBA Berlin,FC Bayern München,69,75,73.4,94.0,102.2,102.2,94.0,14,3,11,0,75,69,1,ALBA Berlin
EuroLeague,2019-2020,Round 22,2020-01-30,AX Armani Exchange Milan,FC Bayern München,79,78,71.5,110.5,109.1,109.1,110.5,14,4,10,0,78,79,0,AX Armani Exchange Milan
BBL,2019-2020,Round 16,2020-02-02,FC Bayern München,SKYLINERS Frankfurt,82,63,68.9,119.0,91.4,91.4,119.0,3,14,-11,1,82,63,1,SKYLINERS Frankfurt
EuroLeague,2019-2020,Round 23,2020-02-04,LDLC ASVEL Villeurbanne,FC Bayern München,75,65,71.5,104.9,90.9,90.9,104.9,14,2,12,0,65,75,0,LDLC ASVEL Villeurbanne
EuroLeague,2019-2020,Round 24,2020-02-07,FC Bayern München,Valencia Basket,59,66,71.5,82.5,92.3,92.3,82.5,3,14,-11,1,59,66,0,Valencia Basket
BBL,2019-2020,Round 17,2020-02-12,Basketball Löwen Braunschweig,FC Bayern München,65,75,70.1,92.7,107.0,107.0,92.7,14,5,9,0,75,65,1,Basketball Löwen Braunschweig
EuroLeague,2019-2020,Round 25,2020-02-21,FC Bayern München,Anadolu Efes Istanbul,63,88,71.5,88.1,123.1,123.1,88.1,9,14,-5,1,63,88,0,Anadolu Efes Istanbul
EuroLeague,2019-2020,Round 26,2020-02-27,Zenit St Petersburg,FC Bayern München,68,77,71.5,95.1,107.7,107.7,95.1,14,6,8,0,77,68,1,Zenit St Petersburg
BBL,2019-2020,Round 18,2020-03-01,FC Bayern München,medi bayreuth,91,79,74.2,122.6,106.5,106.5,122.6,3,14,-11,1,91,79,1,medi bayreuth
EuroLeague,2019-2020,Round 27,2020-03-04,FC Bayern München,KIROLBET Baskonia Vitoria-Gasteiz,71,80,71.5,99.3,111.9,111.9,99.3,3,14,-11,1,71,80,0,KIROLBET Baskonia Vitoria-Gasteiz
EuroLeague,2019-2020,Round 28,2020-03-06,FC Barcelona,FC Bayern München,83,80,71.5,116.1,111.9,111.9,116.1,14,2,12,0,80,83,0,FC Barcelona
BBL,2019-2020,Round 19,2020-03-08,Würzburg Baskets,FC Bayern München,70,81,71.5,97.9,113.3,113.3,97.9,14,2,12,0,81,70,1,Würzburg Baskets
BBL,2019-2020,Tournament Group,2020-06-06,FC Bayern München,ratiopharm ulm,85,95,76.0,111.8,125.0,125.0,111.8,14,14,0,1,85,95,0,ratiopharm ulm
BBL,2019-2020,Tournament Group,2020-06-08,HAKRO Merlins Crailsheim,FC Bayern München,79,110,77.5,101.9,141.9,141.9,101.9,14,2,12,0,110,79,1,HAKRO Merlins Crailsheim
BBL,2019-2020,Tournament Group,2020-06-10,FC Bayern München,EWE Baskets Oldenburg,81,89,74.2,109.2,119.9,119.9,109.2,2,14,-12,1,81,89,0,EWE Baskets Oldenburg
BBL,2019-2020,Tournament Group,2020-06-12,BG Göttingen,FC Bayern München,55,90,73.0,75.3,123.3,123.3,75.3,14,2,12,0,90,55,1,BG Göttingen
BBL,2019-2020,Quarterfinal G1,2020-06-17,MHP RIESEN Ludwigsburg,FC Bayern München,87,83,75.0,116.0,110.7,110.7,116.0,14,5,9,0,83,87,0,MHP RIESEN Ludwigsburg
BBL,2019-2020,Quarterfinal G2,2020-06-19,FC Bayern München,MHP RIESEN Ludwigsburg,73,73,72.0,101.4,101.4,101.4,101.4,2,2,0,1,73,73,0,MHP RIESEN Ludwigsburg
EuroLeague,2020-2021,Round 1,2020-10-02,FC Bayern München,AX Armani Exchange Milan,79,81,71.5,110.5,113.3,113.3,110.5,14,14,0,1,79,81,0,AX Armani Exchange Milan
EuroLeague,2020-2021,Round 2,2020-10-09,ALBA Berlin,FC Bayern München,72,90,71.5,100.7,125.9,125.9,100.7,14,7,7,0,90,72,1,ALBA Berlin
EuroLeague,2020-2021,Round 3,2020-10-14,Maccabi Playtika Tel Aviv,FC Bayern München,82,85,71.5,114.7,118.9,118.9,114.7,7,5,2,0,85,82,1,Maccabi Playtika Tel Aviv
EuroLeague,2020-2021,Round 4,2020-10-16,Fenerbahce Beko Istanbul,FC Bayern München,71,75,71.5,99.3,104.9,104.9,99.3,14,2,12,0,75,71,1,Fenerbahce Beko Istanbul
BBL-Pokal,2020-2021,Group 1,2020-10-18,FC Bayern München,medi bayreuth,89,71,73.0,121.9,97.3,97.3,121.9,2,14,-12,1,89,71,1,medi bayreuth
EuroLeague,2020-2021,Round 5,2020-10-23,FC Bayern München,Olympiacos Piraeus,74,68,71.5,103.5,95.1,95.1,103.5,5,14,-9,1,74,68,1,Olympiacos Piraeus
BBL-Pokal,2020-2021,Group 2,2020-10-24,HAKRO Merlins Crailsheim,FC Bayern München,63,80,71.5,88.1,111.9,111.9,88.1,14,1,13,0,80,63,1,HAKRO Merlins Crailsheim
EuroLeague,2020-2021,Round 6,2020-10-29,Real Madrid,FC Bayern München,100,82,71.5,139.9,114.7,114.7,139.9,14,5,9,0,82,100,0,Real Madrid
EuroLeague,2020-2021,Round 7,2020-11-06,FC Bayern München,Crvena Zvezda mts Belgrade,74,59,71.5,103.5,82.5,82.5,103.5,8,14,-6,1,74,59,1,Crvena Zvezda mts Belgrade
BBL,2020-2021,Round 1,2020-11-08,RASTA Vechta,FC Bayern München,78,90,74.0,105.4,121.6,121.6,105.4,14,2,12,0,90,78,1,RASTA Vechta
EuroLeague,2020-2021,Round 8,2020-11-13,FC Bayern München,Valencia Basket,90,79,71.5,125.9,110.5,110.5,125.9,5,14,-9,1,90,79,1,Valencia Basket
BBL,2020-2021,Round 2,2020-11-15,FC Bayern München,SKYLINERS Frankfurt,84,58,69.5,120.9,83.5,83.5,120.9,2,14,-12,1,84,58,1,SKYLINERS Frankfurt
EuroLeague,2020-2021,Round 9,2020-11-17,Anadolu Efes Istanbul,FC Bayern München,71,74,71.5,99.3,103.5,103.5,99.3,14,2,12,0,74,71,1,Anadolu Efes Istanbul
EuroLeague,2020-2021,Round 10,2020-11-19,FC Bayern München,CSKA Moscow,81,89,71.5,113.3,124.5,124.5,113.3,2,14,-12,1,81,89,0,CSKA Moscow
BBL,2020-2021,Round 3,2020-11-22,Telekom Baskets Bonn,FC Bayern München,71,89,73.2,97.0,121.6,121.6,97.0,14,3,11,0,89,71,1,Telekom Baskets Bonn
EuroLeague,2020-2021,Round 11,2020-11-27,Panathinaikos OPAP Athens,FC Bayern München,83,76,71.5,116.1,106.3,106.3,116.1,14,5,9,0,76,83,0,Panathinaikos OPAP Athens
EuroLeague,2020-2021,Round 12,2020-12-04,FC Bayern München,Khimki Moscow Region,80,77,71.5,111.9,107.7,107.7,111.9,7,14,-7,1,80,77,1,Khimki Moscow Region
BBL,2020-2021,Round 4,2020-12-06,FC Bayern München,BG Göttingen,90,72,72.8,123.6,98.9,98.9,123.6,2,14,-12,1,90,72,1,BG Göttingen
EuroLeague,2020-2021,Round 13,2020-12-11,FC Bayern München,LDLC ASVEL Villeurbanne,76,62,71.5,106.3,86.7,86.7,106.3,5,14,-9,1,76,62,1,LDLC ASVEL Villeurbanne
BBL,2020-2021,Round 5,2020-12-13,MHP RIESEN Ludwigsburg,FC Bayern München,77,74,71.4,107.8,103.6,103.6,107.8,14,2,12,0,74,77,0,MHP RIESEN Ludwigsburg
EuroLeague,2020-2021,Round 14,2020-12-16,Zenit St Petersburg,FC Bayern München,79,75,71.5,110.5,104.9,104.9,110.5,14,3,11,0,75,79,0,Zenit St Petersburg
EuroLeague,2020-2021,Round 15,2020-12-18,FC Bayern München,TD Systems Baskonia Vitoria-Gasteiz,77,66,71.5,107.7,92.3,92.3,107.7,2,7,-5,1,77,66,1,TD Systems Baskonia Vitoria-Gasteiz
BBL,2020-2021,Round 6,2020-12-20,FC Bayern München,Bamberg Baskets,84,70,72.0,116.7,97.2,97.2,116.7,2,14,-12,1,84,70,1,Bamberg Baskets
EuroLeague,2020-2021,Round 16,2020-12-23,Zalgiris Kaunas,FC Bayern München,74,73,71.5,103.5,102.1,102.1,103.5,14,3,11,0,73,74,0,Zalgiris Kaunas
BBL,2020-2021,Round 7,2020-12-27,Würzburg Baskets,FC Bayern München,72,80,70.8,101.7,113.0,113.0,101.7,14,4,10,0,80,72,1,Würzburg Baskets
EuroLeague,2020-2021,Round 17,2020-12-30,FC Bayern München,FC Barcelona,90,77,71.5,125.9,107.7,107.7,125.9,3,14,-11,1,90,77,1,FC Barcelona
BBL,2020-2021,Round 8,2021-01-03,FC Bayern München,ALBA Berlin,72,85,74.1,97.2,114.7,114.7,97.2,4,14,-10,1,72,85,0,ALBA Berlin
EuroLeague,2020-2021,Round 18,2021-01-08,Olympiacos Piraeus,FC Bayern München,84,82,71.5,117.5,114.7,114.7,117.5,14,5,9,0,82,84,0,Olympiacos Piraeus
BBL,2020-2021,Round 9,2021-01-10,ratiopharm ulm,FC Bayern München,77,81,72.6,106.1,111.6,111.6,106.1,14,2,12,0,81,77,1,ratiopharm ulm
EuroLeague,2020-2021,Round 19,2021-01-13,FC Bayern München,Zenit St Petersburg,82,80,71.5,114.7,111.9,111.9,114.7,3,14,-11,1,82,80,1,Zenit St Petersburg
EuroLeague,2020-2021,Round 20,2021-01-15,FC Bayern München,Real Madrid,76,81,71.5,106.3,113.3,113.3,106.3,2,14,-12,1,76,81,0,Real Madrid
BBL,2020-2021,Round 10,2021-01-17,FC Bayern München,Hamburg Towers,85,71,73.5,115.6,96.6,96.6,115.6,2,14,-12,1,85,71,1,Hamburg Towers
EuroLeague,2020-2021,Round 21,2021-01-21,AX Armani Exchange Milan,FC Bayern München,75,51,71.5,104.9,71.3,71.3,104.9,14,4,10,0,51,75,0,AX Armani Exchange Milan
BBL,2020-2021,Round 11,2021-01-24,EWE Baskets Oldenburg,FC Bayern München,100,95,78.0,128.2,121.8,121.8,128.2,14,3,11,0,95,100,0,EWE Baskets Oldenburg
EuroLeague,2020-2021,Round 22,2021-01-26,Khimki Moscow Region,FC Bayern München,93,95,71.5,130.1,132.9,132.9,130.1,14,2,12,0,95,93,1,Khimki Moscow Region
EuroLeague,2020-2021,Round 23,2021-01-29,CSKA Moscow,FC Bayern München,66,69,71.5,92.3,96.5,96.5,92.3,14,3,11,0,69,66,1,CSKA Moscow
BBL,2020-2021,Round 12,2021-01-31,FC Bayern München,NINERS Chemnitz,77,76,71.2,108.1,106.7,106.7,108.1,2,7,-5,1,77,76,1,NINERS Chemnitz
EuroLeague,2020-2021,Round 24,2021-02-05,FC Bayern München,ALBA Berlin,101,95,71.5,141.3,132.9,132.9,141.3,5,14,-9,1,101,95,1,ALBA Berlin
BBL,2020-2021,Round 13,2021-02-07,Basketball Löwen Braunschweig,FC Bayern München,79,94,73.8,107.0,127.4,127.4,107.0,14,2,12,0,94,79,1,Basketball Löwen Braunschweig
BBL,2020-2021,Round 14,2021-02-14,FC Bayern München,medi bayreuth,83,62,70.5,117.7,87.9,87.9,117.7,7,14,-7,1,83,62,1,medi bayreuth
EuroLeague,2020-2021,Round 25,2021-02-19,LDLC ASVEL Villeurbanne,FC Bayern München,87,79,71.5,121.7,110.5,110.5,121.7,14,5,9,0,79,87,0,LDLC ASVEL Villeurbanne
EuroLeague,2020-2021,Round 26,2021-02-25,FC Bayern München,Maccabi Playtika Tel Aviv,72,70,71.5,100.7,97.9,97.9,100.7,6,14,-8,1,72,70,1,Maccabi Playtika Tel Aviv
BBL,2020-2021,Round 15,2021-02-28,SYNTAINICS MBC,FC Bayern München,84,96,75.2,111.7,127.7,127.7,111.7,14,3,11,0,96,84,1,SYNTAINICS MBC
EuroLeague,2020-2021,Round 27,2021-03-02,Crvena Zvezda mts Belgrade,FC Bayern München,76,78,71.5,106.3,109.1,109.1,106.3,14,2,12,0,78,76,1,Crvena Zvezda mts Belgrade
EuroLeague,2020-2021,Round 28,2021-03-04,FC Bayern München,Panathinaikos OPAP Athens,76,71,71.5,106.3,99.3,99.3,106.3,2,14,-12,1,76,71,1,Panathinaikos OPAP Athens
BBL,2020-2021,Round 16,2021-03-07,FC Bayern München,HAKRO Merlins Crailsheim,103,85,76.8,134.1,110.7,110.7,134.1,3,14,-11,1,103,85,1,HAKRO Merlins Crailsheim
EuroLeague,2020-2021,Round 29,2021-03-12,TD Systems Baskonia Vitoria-Gasteiz,FC Bayern München,78,71,71.5,109.1,99.3,99.3,109.1,14,5,9,0,71,78,0,TD Systems Baskonia Vitoria-Gasteiz
BBL,2020-2021,Round 17,2021-03-14,JobStairs GIESSEN 46ers,FC Bayern München,95,94,76.5,124.2,122.9,122.9,124.2,14,2,12,0,94,95,0,JobStairs GIESSEN 46ers
EuroLeague,2020-2021,Round 30,2021-03-19,FC Bayern München,Anadolu Efes Istanbul,80,79,71.5,111.9,110.5,110.5,111.9,5,14,-9,1,80,79,1,Anadolu Efes Istanbul
BBL,2020-2021,Round 18,2021-03-21,FC Bayern München,RASTA Vechta,89,74,72.1,123.4,102.6,102.6,123.4,2,14,-12,1,89,74,1,RASTA Vechta
EuroLeague,2020-2021,Round 31,2021-03-25,Valencia Basket,FC Bayern München,83,76,71.5,116.1,106.3,106.3,116.1,14,4,10,0,76,83,0,Valencia Basket
BBL,2020-2021,Round 19,2021-03-28,SKYLINERS Frankfurt,FC Bayern München,52,75,68.2,76.2,110.0,110.0,76.2,14,3,11,0,75,52,1,SKYLINERS Frankfurt
EuroLeague,2020-2021,Round 32,2021-03-30,FC Bayern München,Fenerbahce Beko Istanbul,68,77,71.5,95.1,107.7,107.7,95.1,2,14,-12,1,68,77,0,Fenerbahce Beko Istanbul
EuroLeague,2020-2021,Round 33,2021-04-01,FC Bayern München,Zalgiris Kaunas,71,70,71.5,99.3,97.9,97.9,99.3,2,14,-12,1,71,70,1,Zalgiris Kaunas
BBL,2020-2021,Round 20,2021-04-04,FC Bayern München,Telekom Baskets Bonn,78,69,71.0,109.9,97.2,97.2,109.9,3,14,-11,1,78,69,1,Telekom Baskets Bonn
EuroLeague,2020-2021,Round 34,2021-04-09,FC Barcelona,FC Bayern München,72,82,71.5,100.7,114.7,114.7,100.7,14,5,9,0,82,72,1,FC Barcelona
BBL,2020-2021,Round 21,2021-04-11,BG Göttingen,FC Bayern München,91,102,77.4,117.6,131.8,131.8,117.6,14,2,12,0,102,91,1,BG Göttingen
BBL-Pokal,2020-2021,Semifinal,2021-04-14,FC Bayern München,ratiopharm ulm,104,102,78.5,132.5,129.9,129.9,132.5,3,14,-11,1,104,102,1,ratiopharm ulm
BBL-Pokal,2020-2021,Final,2021-04-15,FC Bayern München,ALBA Berlin,85,79,74.0,114.9,106.8,106.8,114.9,1,14,-13,1,85,79,1,ALBA Berlin
BBL,2020-2021,Round 22,2021-04-18,FC Bayern München,MHP RIESEN Ludwigsburg,93,70,73.0,127.4,95.9,95.9,127.4,3,14,-11,1,93,70,1,MHP RIESEN Ludwigsburg
EuroLeague,2020-2021,Round 35,2021-04-20,AX Armani Exchange Milan,FC Bayern München,79,78,71.5,110.5,109.1,109.1,110.5,14,2,12,0,78,79,0,AX Armani Exchange Milan
EuroLeague,2020-2021,Round 36,2021-04-22,AX Armani Exchange Milan,FC Bayern München,80,69,71.5,111.9,96.5,96.5,111.9,2,2,0,0,69,80,0,AX Armani Exchange Milan
BBL,2020-2021,Round 23,2021-04-25,Bamberg Baskets,FC Bayern München,92,93,75.8,121.4,122.7,122.7,121.4,14,3,11,0,93,92,1,Bamberg Baskets
EuroLeague,2020-2021,Round 37,2021-04-28,FC Bayern München,AX Armani Exchange Milan,85,79,71.5,118.9,110.5,110.5,118.9,3,6,-3,1,85,79,1,AX Armani Exchange Milan
EuroLeague,2020-2021,Round 38,2021-04-30,FC Bayern München,AX Armani Exchange Milan,85,82,71.5,118.9,114.7,114.7,118.9,2,2,0,1,85,82,1,AX Armani Exchange Milan
BBL,2020-2021,Round 24,2021-05-02,FC Bayern München,Würzburg Baskets,87,80,71.9,121.0,111.3,111.3,121.0,2,14,-12,1,87,80,1,Würzburg Baskets
EuroLeague,2020-2021,Round 39,2021-05-04,AX Armani Exchange Milan,FC Bayern München,92,89,71.5,128.7,124.5,124.5,128.7,4,2,2,0,89,92,0,AX Armani Exchange Milan
BBL,2020-2021,Round 25,2021-05-09,ALBA Berlin,FC Bayern München,85,72,74.5,114.1,96.6,96.6,114.1,14,5,9,0,72,85,0,ALBA Berlin
BBL,2020-2021,Playoffs QF G1,2021-05-19,HAKRO Merlins Crailsheim,FC Bayern München,66,86,72.0,91.7,119.4,119.4,91.7,14,10,4,0,86,66,1,HAKRO Merlins Crailsheim
BBL,2020-2021,Playoffs QF G2,2021-05-21,FC Bayern München,HAKRO Merlins Crailsheim,83,79,73.1,113.5,108.1,108.1,113.5,2,2,0,1,83,79,1,HAKRO Merlins Crailsheim
BBL,2020-2021,Playoffs QF G3,2021-05-23,HAKRO Merlins Crailsheim,FC Bayern München,72,82,72.5,99.3,113.1,113.1,99.3,2,2,0,0,82,72,1,HAKRO Merlins Crailsheim
BBL,2020-2021,Playoffs SF G1,2021-05-28,MHP RIESEN Ludwigsburg,FC Bayern München,101,98,77.0,131.2,127.3,127.3,131.2,14,5,9,0,98,101,0,MHP RIESEN Ludwigsburg
BBL,2020-2021,Playoffs SF G2,2021-05-30,FC Bayern München,MHP RIESEN Ludwigsburg,82,72,72.4,113.3,99.4,99.4,113.3,2,2,0,1,82,72,1,MHP RIESEN Ludwigsburg
BBL,2020-2021,Playoffs SF G3,2021-06-01,MHP RIESEN Ludwigsburg,FC Bayern München,78,81,71.8,108.6,112.8,112.8,108.6,2,2,0,0,81,78,1,MHP RIESEN Ludwigsburg
BBL,2020-2021,Playoffs SF G4,2021-06-03,FC Bayern München,MHP RIESEN Ludwigsburg,86,77,73.0,117.8,105.5,105.5,117.8,2,2,0,1,86,77,1,MHP RIESEN Ludwigsburg
BBL,2020-2021,Playoffs Finals G1,2021-06-07,ALBA Berlin,FC Bayern München,89,86,74.6,119.3,115.3,115.3,119.3,14,4,10,0,86,89,0,ALBA Berlin
BBL,2020-2021,Playoffs Finals G2,2021-06-09,FC Bayern München,ALBA Berlin,76,66,71.0,107.0,93.0,93.0,107.0,2,2,0,1,76,66,1,ALBA Berlin
BBL,2020-2021,Playoffs Finals G3,2021-06-11,ALBA Berlin,FC Bayern München,69,81,72.8,94.8,111.3,111.3,94.8,2,2,0,0,81,69,1,ALBA Berlin
BBL,2020-2021,Playoffs Finals G4,2021-06-13,FC Bayern München,ALBA Berlin,79,86,74.2,106.5,115.9,115.9,106.5,2,2,0,1,79,86,0,ALBA Berlin
BBL,2021-2022,Round 1,2021-09-26,ratiopharm ulm,FC Bayern München,86,83,75.0,114.7,110.7,110.7,114.7,14,14,0,0,83,86,0,ratiopharm ulm
EuroLeague,2021-2022,Round 1,2021-09-30,Maccabi Playtika Tel Aviv,FC Bayern München,69,68,71.5,96.5,95.1,95.1,96.5,14,4,10,0,68,69,0,Maccabi Playtika Tel Aviv
BBL-Pokal,2021-2022,Round of 16,2021-10-03,Bamberg Baskets,FC Bayern München,85,87,74.2,114.6,117.3,117.3,114.6,14,3,11,0,87,85,1,Bamberg Baskets
EuroLeague,2021-2022,Round 2,2021-10-07,FC Bayern München,FC Barcelona,72,80,71.5,100.7,111.9,111.9,100.7,4,14,-10,1,72,80,0,FC Barcelona
BBL,2021-2022,Round 2,2021-10-10,FC Bayern München,Basketball Löwen Braunschweig,96,80,73.5,130.6,108.8,108.8,130.6,3,14,-11,1,96,80,1,Basketball Löwen Braunschweig
EuroLeague,2021-2022,Round 3,2021-10-12,UNICS Kazan,FC Bayern München,73,70,71.5,102.1,97.9,97.9,102.1,7,2,5,0,70,73,0,UNICS Kazan
EuroLeague,2021-2022,Round 4,2021-10-14,Zenit St Petersburg,FC Bayern München,79,71,71.5,110.5,99.3,99.3,110.5,14,2,12,0,71,79,0,Zenit St Petersburg
BBL,2021-2022,Round 3,2021-10-17,medi bayreuth,FC Bayern München,78,87,72.0,108.3,120.8,120.8,108.3,14,3,11,0,87,78,1,medi bayreuth
EuroLeague,2021-2022,Round 5,2021-10-21,Zalgiris Kaunas,FC Bayern München,73,75,71.5,102.1,104.9,104.9,102.1,14,4,10,0,75,73,1,Zalgiris Kaunas
BBL,2021-2022,Round 4,2021-10-24,FC Bayern München,JobStairs GIESSEN 46ers,71,64,70.0,101.4,91.4,91.4,101.4,3,14,-11,1,71,64,1,JobStairs GIESSEN 46ers
EuroLeague,2021-2022,Round 6,2021-10-26,FC Bayern München,AX Armani Exchange Milan,83,77,71.5,116.1,107.7,107.7,116.1,2,14,-12,1,83,77,1,AX Armani Exchange Milan
EuroLeague,2021-2022,Round 7,2021-10-28,ALBA Berlin,FC Bayern München,69,82,71.5,96.5,114.7,114.7,96.5,14,2,12,0,82,69,1,ALBA Berlin
BBL,2021-2022,Round 5,2021-10-31,Hamburg Towers,FC Bayern München,87,83,75.5,115.2,109.9,109.9,115.2,14,3,11,0,83,87,0,Hamburg Towers
EuroLeague,2021-2022,Round 8,2021-11-05,FC Bayern München,Real Madrid,76,80,71.5,106.3,111.9,111.9,106.3,5,14,-9,1,76,80,0,Real Madrid
BBL,2021-2022,Round 6,2021-11-07,FC Bayern München,NINERS Chemnitz,87,73,71.8,121.2,101.7,101.7,121.2,2,14,-12,1,87,73,1,NINERS Chemnitz
EuroLeague,2021-2022,Round 9,2021-11-12,AS Monaco,FC Bayern München,94,71,71.5,131.5,99.3,99.3,131.5,7,5,2,0,71,94,0,AS Monaco
BBL-Pokal,2021-2022,Quarterfinal,2021-11-14,HAKRO Merlins Crailsheim,FC Bayern München,86,80,74.0,116.2,108.1,108.1,116.2,14,2,12,0,80,86,0,HAKRO Merlins Crailsheim
EuroLeague,2021-2022,Round 10,2021-11-16,FC Bayern München,Fenerbahce Beko Istanbul,71,63,71.5,99.3,88.1,88.1,99.3,2,14,-12,1,71,63,1,Fenerbahce Beko Istanbul
EuroLeague,2021-2022,Round 11,2021-11-18,FC Bayern München,Panathinaikos OPAP Athens,81,78,71.5,113.3,109.1,109.1,113.3,2,14,-12,1,81,78,1,Panathinaikos OPAP Athens
BBL,2021-2022,Round 7,2021-11-21,Telekom Baskets Bonn,FC Bayern München,96,61,76.0,126.3,80.3,80.3,126.3,14,3,11,0,61,96,0,Telekom Baskets Bonn
EuroLeague,2021-2022,Round 12,2021-11-25,CSKA Moscow,FC Bayern München,77,74,71.5,107.7,103.5,103.5,107.7,14,4,10,0,74,77,0,CSKA Moscow
EuroLeague,2021-2022,Round 13,2021-12-02,FC Bayern München,LDLC ASVEL Villeurbanne,73,65,71.5,102.1,90.9,90.9,102.1,7,14,-7,1,73,65,1,LDLC ASVEL Villeurbanne
BBL,2021-2022,Round 8,2021-12-05,FC Bayern München,Würzburg Baskets,90,70,71.0,126.8,98.6,98.6,126.8,3,14,-11,1,90,70,1,Würzburg Baskets
EuroLeague,2021-2022,Round 14,2021-12-09,FC Bayern München,Anadolu Efes Istanbul,83,71,71.5,116.1,99.3,99.3,116.1,4,14,-10,1,83,71,1,Anadolu Efes Istanbul
BBL,2021-2022,Round 9,2021-12-12,ALBA Berlin,FC Bayern München,73,80,73.2,99.7,109.3,109.3,99.7,14,3,11,0,80,73,1,ALBA Berlin
EuroLeague,2021-2022,Round 15,2021-12-15,Olympiacos Piraeus,FC Bayern München,83,60,71.5,116.1,83.9,83.9,116.1,14,3,11,0,60,83,0,Olympiacos Piraeus
EuroLeague,2021-2022,Round 16,2021-12-17,Crvena Zvezda mts Belgrade,FC Bayern München,81,78,71.5,113.3,109.1,109.1,113.3,14,2,12,0,78,81,0,Crvena Zvezda mts Belgrade
BBL,2021-2022,Round 10,2021-12-19,FC Bayern München,EWE Baskets Oldenburg,93,80,74.5,124.8,107.4,107.4,124.8,2,14,-12,1,93,80,1,EWE Baskets Oldenburg
EuroLeague,2021-2022,Round 17,2021-12-23,FC Bayern München,Bitci Baskonia Vitoria-Gasteiz,76,81,71.5,106.3,113.3,113.3,106.3,4,7,-3,1,76,81,0,Bitci Baskonia Vitoria-Gasteiz
BBL,2021-2022,Round 11,2021-12-26,HAKRO Merlins Crailsheim,FC Bayern München,77,68,72.8,105.8,93.4,93.4,105.8,14,3,11,0,68,77,0,HAKRO Merlins Crailsheim
BBL,2021-2022,Round 12,2022-01-02,FC Bayern München,Bamberg Baskets,83,62,70.4,117.9,88.1,88.1,117.9,7,14,-7,1,83,62,1,Bamberg Baskets
BBL,2021-2022,Round 13,2022-01-09,BG Göttingen,FC Bayern München,66,80,71.1,92.8,112.5,112.5,92.8,14,7,7,0,80,66,1,BG Göttingen
EuroLeague,2021-2022,Round 20,2022-01-11,FC Bayern München,Zalgiris Kaunas,74,65,71.5,103.5,90.9,90.9,103.5,2,14,-12,1,74,65,1,Zalgiris Kaunas
EuroLeague,2021-2022,Round 21,2022-01-13,FC Bayern München,AS Monaco,78,83,71.5,109.1,116.1,116.1,109.1,2,14,-12,1,78,83,0,AS Monaco
BBL,2021-2022,Round 14,2022-01-16,FC Bayern München,MHP RIESEN Ludwigsburg,79,78,72.0,109.7,108.3,108.3,109.7,3,14,-11,1,79,78,1,MHP RIESEN Ludwigsburg
EuroLeague,2021-2022,Round 22,2022-01-21,Bitci Baskonia Vitoria-Gasteiz,FC Bayern München,77,84,71.5,107.7,117.5,117.5,107.7,14,5,9,0,84,77,1,Bitci Baskonia Vitoria-Gasteiz
BBL,2021-2022,Round 15,2022-01-23,SYNTAINICS MBC,FC Bayern München,74,85,73.0,101.4,116.4,116.4,101.4,14,2,12,0,85,74,1,SYNTAINICS MBC
EuroLeague,2021-2022,Round 18,2022-01-25,LDLC ASVEL Villeurbanne,FC Bayern München,68,77,71.5,95.1,107.7,107.7,95.1,14,2,12,0,77,68,1,LDLC ASVEL Villeurbanne
EuroLeague,2021-2022,Round 23,2022-01-28,FC Bayern München,ALBA Berlin,62,56,71.5,86.7,78.3,78.3,86.7,3,14,-11,1,62,56,1,ALBA Berlin
BBL,2021-2022,Round 16,2022-01-30,FC Bayern München,SKYLINERS Frankfurt,72,53,67.5,106.7,78.5,78.5,106.7,2,14,-12,1,72,53,1,SKYLINERS Frankfurt
EuroLeague,2021-2022,Round 24,2022-02-01,FC Barcelona,FC Bayern München,71,66,71.5,99.3,92.3,92.3,99.3,14,2,12,0,66,71,0,FC Barcelona
EuroLeague,2021-2022,Round 25,2022-02-03,FC Bayern München,Maccabi Playtika Tel Aviv,70,52,71.5,97.9,72.7,72.7,97.9,2,14,-12,1,70,52,1,Maccabi Playtika Tel Aviv
BBL,2021-2022,Round 17,2022-02-06,FC Bayern München,ratiopharm ulm,77,74,71.5,107.7,103.5,103.5,107.7,3,14,-11,1,77,74,1,ratiopharm ulm
BBL,2021-2022,Round 18,2022-02-13,Basketball Löwen Braunschweig,FC Bayern München,82,91,73.8,111.1,123.3,123.3,111.1,14,7,7,0,91,82,1,Basketball Löwen Braunschweig
EuroLeague,2021-2022,Round 28,2022-03-04,FC Bayern München,Olympiacos Piraeus,88,98,71.5,123.1,137.1,137.1,123.1,14,14,0,1,88,98,0,Olympiacos Piraeus
BBL,2021-2022,Round 19,2022-03-06,FC Bayern München,medi bayreuth,83,60,69.8,118.9,86.0,86.0,118.9,2,14,-12,1,83,60,1,medi bayreuth
BBL,2021-2022,Round 20,2022-03-13,JobStairs GIESSEN 46ers,FC Bayern München,85,95,75.0,113.3,126.7,126.7,113.3,14,7,7,0,95,85,1,JobStairs GIESSEN 46ers
BBL,2021-2022,Round 21,2022-03-20,FC Bayern München,Hamburg Towers,86,75,73.4,117.2,102.2,102.2,117.2,7,14,-7,1,86,75,1,Hamburg Towers
EuroLeague,2021-2022,Round 31,2022-03-22,Panathinaikos OPAP Athens,FC Bayern München,80,67,71.5,111.9,93.7,93.7,111.9,14,2,12,0,67,80,0,Panathinaikos OPAP Athens
BBL,2021-2022,Round 22,2022-03-27,NINERS Chemnitz,FC Bayern München,77,58,71.0,108.5,81.7,81.7,108.5,14,5,9,0,58,77,0,NINERS Chemnitz
EuroLeague,2021-2022,Round 30,2022-03-29,AX Armani Exchange Milan,FC Bayern München,84,77,71.5,117.5,107.7,107.7,117.5,14,2,12,0,77,84,0,AX Armani Exchange Milan
EuroLeague,2021-2022,Round 33,2022-04-01,FC Bayern München,Crvena Zvezda mts Belgrade,82,57,71.5,114.7,79.7,79.7,114.7,3,14,-11,1,82,57,1,Crvena Zvezda mts Belgrade
BBL,2021-2022,Round 23,2022-04-03,FC Bayern München,Telekom Baskets Bonn,100,81,75.2,133.0,107.7,107.7,133.0,2,14,-12,1,100,81,1,Telekom Baskets Bonn
EuroLeague,2021-2022,Round 26,2022-04-04,Fenerbahce Beko Istanbul,FC Bayern München,81,76,71.5,113.3,106.3,106.3,113.3,14,1,13,0,76,81,0,Fenerbahce Beko Istanbul
EuroLeague,2021-2022,Round 19,2022-04-06,Anadolu Efes Istanbul,FC Bayern München,81,76,71.5,113.3,106.3,106.3,113.3,14,2,12,0,76,81,0,Anadolu Efes Istanbul
EuroLeague,2021-2022,Round 34,2022-04-08,Real Madrid,FC Bayern München,88,97,71.5,123.1,135.7,135.7,123.1,14,2,12,0,97,88,1,Real Madrid
BBL,2021-2022,Round 24,2022-04-10,Würzburg Baskets,FC Bayern München,90,70,72.5,124.1,96.6,96.6,124.1,14,2,12,0,70,90,0,Würzburg Baskets
BBL,2021-2022,Round 25,2022-04-17,FC Bayern München,ALBA Berlin,79,83,74.0,106.8,112.2,112.2,106.8,7,14,-7,1,79,83,0,ALBA Berlin
EuroLeague,2021-2022,Round 35,2022-04-19,FC Barcelona,FC Bayern München,77,67,71.5,107.7,93.7,93.7,107.7,14,2,12,0,67,77,0,FC Barcelona
EuroLeague,2021-2022,Round 36,2022-04-21,FC Barcelona,FC Bayern München,75,90,71.5,104.9,125.9,125.9,104.9,2,2,0,0,90,75,1,FC Barcelona
BBL,2021-2022,Round 26,2022-04-24,EWE Baskets Oldenburg,FC Bayern München,106,75,77.0,137.7,97.4,97.4,137.7,14,3,11,0,75,106,0,EWE Baskets Oldenburg
EuroLeague,2021-2022,Round 37,2022-04-27,FC Bayern München,FC Barcelona,66,75,71.5,92.3,104.9,104.9,92.3,3,6,-3,1,66,75,0,FC Barcelona
EuroLeague,2021-2022,Round 38,2022-04-29,FC Bayern München,FC Barcelona,59,52,71.5,82.5,72.7,72.7,82.5,2,2,0,1,59,52,1,FC Barcelona
BBL,2021-2022,Round 27,2022-05-01,FC Bayern München,HAKRO Merlins Crailsheim,93,64,72.0,129.2,88.9,88.9,129.2,2,14,-12,1,93,64,1,HAKRO Merlins Crailsheim
EuroLeague,2021-2022,Round 39,2022-05-03,FC Barcelona,FC Bayern München,81,72,71.5,113.3,100.7,100.7,113.3,4,2,2,0,72,81,0,FC Barcelona
BBL,2021-2022,Round 28,2022-05-08,Bamberg Baskets,FC Bayern München,86,95,74.8,115.0,127.0,127.0,115.0,14,5,9,0,95,86,1,Bamberg Baskets
BBL,2021-2022,Playoffs QF G1,2022-05-15,FC Bayern München,NINERS Chemnitz,77,53,69.0,111.6,76.8,76.8,111.6,7,14,-7,1,77,53,1,NINERS Chemnitz
BBL,2021-2022,Playoffs QF G2,2022-05-17,NINERS Chemnitz,FC Bayern München,77,85,72.4,106.4,117.4,117.4,106.4,2,2,0,0,85,77,1,NINERS Chemnitz
BBL,2021-2022,Playoffs QF G3,2022-05-20,FC Bayern München,NINERS Chemnitz,87,80,73.0,119.2,109.6,109.6,119.2,3,3,0,1,87,80,1,NINERS Chemnitz
BBL,2021-2022,Playoffs SF G1,2022-05-27,Telekom Baskets Bonn,FC Bayern München,68,80,71.5,95.1,111.9,111.9,95.1,14,7,7,0,80,68,1,Telekom Baskets Bonn
BBL,2021-2022,Playoffs SF G2,2022-05-29,FC Bayern München,Telekom Baskets Bonn,82,81,72.0,113.9,112.5,112.5,113.9,2,2,0,1,82,81,1,Telekom Baskets Bonn
BBL,2021-2022,Playoffs SF G3,2022-06-01,Telekom Baskets Bonn,FC Bayern München,86,84,73.8,116.5,113.8,113.8,116.5,3,3,0,0,84,86,0,Telekom Baskets Bonn
BBL,2021-2022,Playoffs SF G4,2022-06-04,FC Bayern München,Telekom Baskets Bonn,84,83,72.5,115.9,114.5,114.5,115.9,3,3,0,1,84,83,1,Telekom Baskets Bonn
BBL,2021-2022,Playoffs Finals G1,2022-06-10,ALBA Berlin,FC Bayern München,86,73,74.0,116.2,98.6,98.6,116.2,14,6,8,0,73,86,0,ALBA Berlin
BBL,2021-2022,Playoffs Finals G2,2022-06-14,FC Bayern München,ALBA Berlin,58,71,68.0,85.3,104.4,104.4,85.3,4,4,0,1,58,71,0,ALBA Berlin
BBL,2021-2022,Playoffs Finals G3,2022-06-17,ALBA Berlin,FC Bayern München,60,90,72.6,82.6,124.0,124.0,82.6,3,3,0,0,90,60,1,ALBA Berlin
BBL,2021-2022,Playoffs Finals G4,2022-06-19,FC Bayern München,ALBA Berlin,65,79,71.2,91.3,111.0,111.0,91.3,2,2,0,1,65,79,0,ALBA Berlin
BBL,2022-2023,Round 1,2022-10-01,FC Bayern München,ratiopharm ulm,87,80,74.5,116.8,107.4,107.4,116.8,14,14,0,1,87,80,1,ratiopharm ulm
EuroLeague,2022-2023,Round 1,2022-10-06,FC Bayern München,Fenerbahce Beko Istanbul,62,74,71.5,86.7,103.5,103.5,86.7,5,14,-9,1,62,74,0,Fenerbahce Beko Istanbul
BBL,2022-2023,Round 2,2022-10-09,SKYLINERS Frankfurt,FC Bayern München,74,83,71.0,104.2,116.9,116.9,104.2,14,3,11,0,83,74,1,SKYLINERS Frankfurt
EuroLeague,2022-2023,Round 2,2022-10-13,Virtus Segafredo Bologna,FC Bayern München,66,63,71.5,92.3,88.1,88.1,92.3,7,4,3,0,63,66,0,Virtus Segafredo Bologna
BBL-Pokal,2022-2023,Round of 16,2022-10-16,FC Bayern München,Bamberg Baskets,85,68,72.0,118.1,94.4,94.4,118.1,3,14,-11,1,85,68,1,Bamberg Baskets
EuroLeague,2022-2023,Round 3,2022-10-18,FC Bayern München,FC Barcelona,73,84,71.5,102.1,117.5,117.5,102.1,2,14,-12,1,73,84,0,FC Barcelona
EuroLeague,2022-2023,Round 4,2022-10-20,FC Bayern München,EA7 Emporio Armani Milan,81,83,71.5,113.3,116.1,116.1,113.3,2,7,-5,1,81,83,0,EA7 Emporio Armani Milan
BBL,2022-2023,Round 3,2022-10-23,FC Bayern München,Hamburg Towers,81,67,70.8,114.4,94.6,94.6,114.4,3,14,-11,1,81,67,1,Hamburg Towers
EuroLeague,2022-2023,Round 5,2022-10-28,Crvena Zvezda Meridianbet Belgrade,FC Bayern München,78,72,71.5,109.1,100.7,100.7,109.1,7,5,2,0,72,78,0,Crvena Zvezda Meridianbet Belgrade
BBL,2022-2023,Round 4,2022-10-30,HAKRO Merlins Crailsheim,FC Bayern München,69,78,71.5,96.5,109.1,109.1,96.5,14,2,12,0,78,69,1,HAKRO Merlins Crailsheim
EuroLeague,2022-2023,Round 6,2022-11-03,FC Bayern München,Anadolu Efes Istanbul,81,78,71.5,113.3,109.1,109.1,113.3,4,14,-10,1,81,78,1,Anadolu Efes Istanbul
BBL,2022-2023,Round 5,2022-11-06,FC Bayern München,NINERS Chemnitz,88,74,73.2,120.2,101.1,101.1,120.2,3,14,-11,1,88,74,1,NINERS Chemnitz
EuroLeague,2022-2023,Round 7,2022-11-10,ALBA Berlin,FC Bayern München,77,79,71.5,107.7,110.5,110.5,107.7,14,4,10,0,79,77,1,ALBA Berlin
EuroLeague,2022-2023,Round 8,2022-11-17,FC Bayern München,Olympiacos Piraeus,71,82,71.5,99.3,114.7,114.7,99.3,7,14,-7,1,71,82,0,Olympiacos Piraeus
BBL,2022-2023,Round 6,2022-11-20,Basketball Löwen Braunschweig,FC Bayern München,63,89,72.0,87.5,123.6,123.6,87.5,14,3,11,0,89,63,1,Basketball Löwen Braunschweig
EuroLeague,2022-2023,Round 9,2022-11-23,LDLC ASVEL Villeurbanne,FC Bayern München,74,75,71.5,103.5,104.9,104.9,103.5,14,3,11,0,75,74,1,LDLC ASVEL Villeurbanne
EuroLeague,2022-2023,Round 10,2022-11-25,AS Monaco,FC Bayern München,80,79,71.5,111.9,110.5,110.5,111.9,14,2,12,0,79,80,0,AS Monaco
BBL,2022-2023,Round 7,2022-11-27,FC Bayern München,Würzburg Baskets,83,73,71.2,116.6,102.5,102.5,116.6,2,14,-12,1,83,73,1,Würzburg Baskets
EuroLeague,2022-2023,Round 11,2022-12-02,FC Bayern München,Maccabi Playtika Tel Aviv,98,89,71.5,137.1,124.5,124.5,137.1,5,14,-9,1,98,89,1,Maccabi Playtika Tel Aviv
BBL-Pokal,2022-2023,Quarterfinal,2022-12-04,medi bayreuth,FC Bayern München,63,80,70.5,89.4,113.5,113.5,89.4,14,2,12,0,80,63,1,medi bayreuth
EuroLeague,2022-2023,Round 12,2022-12-09,Cazoo Baskonia Vitoria-Gasteiz,FC Bayern München,78,53,71.5,109.1,74.1,74.1,109.1,7,5,2,0,53,78,0,Cazoo Baskonia Vitoria-Gasteiz
BBL,2022-2023,Round 8,2022-12-11,Telekom Baskets Bonn,FC Bayern München,78,68,72.4,107.7,93.9,93.9,107.7,14,2,12,0,68,78,0,Telekom Baskets Bonn
EuroLeague,2022-2023,Round 13,2022-12-13,FC Bayern München,Real Madrid,64,68,71.5,89.5,95.1,95.1,89.5,2,14,-12,1,64,68,0,Real Madrid
EuroLeague,2022-2023,Round 14,2022-12-15,FC Bayern München,Valencia Basket,97,92,71.5,135.7,128.7,128.7,135.7,2,14,-12,1,97,92,1,Valencia Basket
BBL,2022-2023,Round 9,2022-12-18,FC Bayern München,EWE Baskets Oldenburg,81,77,73.0,111.0,105.5,105.5,111.0,3,14,-11,1,81,77,1,EWE Baskets Oldenburg
EuroLeague,2022-2023,Round 15,2022-12-23,Zalgiris Kaunas,FC Bayern München,75,67,71.5,104.9,93.7,93.7,104.9,14,5,9,0,67,75,0,Zalgiris Kaunas
BBL,2022-2023,Round 10,2022-12-26,medi bayreuth,FC Bayern München,79,80,73.5,107.5,108.8,108.8,107.5,14,3,11,0,80,79,1,medi bayreuth
EuroLeague,2022-2023,Round 16,2022-12-29,Partizan Mozzart Bet Belgrade,FC Bayern München,83,77,71.5,116.1,107.7,107.7,116.1,7,3,4,0,77,83,0,Partizan Mozzart Bet Belgrade
BBL,2022-2023,Round 11,2022-12-30,FC Bayern München,Bamberg Baskets,73,72,70.2,104.0,102.6,102.6,104.0,1,14,-13,1,73,72,1,Bamberg Baskets
BBL,2022-2023,Round 12,2023-01-03,ROSTOCK SEAWOLVES,FC Bayern München,65,78,71.8,90.5,108.6,108.6,90.5,7,4,3,0,78,65,1,ROSTOCK SEAWOLVES
EuroLeague,2022-2023,Round 17,2023-01-05,FC Bayern München,Panathinaikos Athens,84,68,71.5,117.5,95.1,95.1,117.5,2,7,-5,1,84,68,1,Panathinaikos Athens
BBL,2022-2023,Round 13,2023-01-08,FC Bayern München,ALBA Berlin,79,80,74.0,106.8,108.1,108.1,106.8,3,14,-11,1,79,80,0,ALBA Berlin
EuroLeague,2022-2023,Round 18,2023-01-10,FC Bayern München,Cazoo Baskonia Vitoria-Gasteiz,92,79,71.5,128.7,110.5,110.5,128.7,2,14,-12,1,92,79,1,Cazoo Baskonia Vitoria-Gasteiz
EuroLeague,2022-2023,Round 19,2023-01-12,Fenerbahce Beko Istanbul,FC Bayern München,79,71,71.5,110.5,99.3,99.3,110.5,14,2,12,0,71,79,0,Fenerbahce Beko Istanbul
BBL,2022-2023,Round 14,2023-01-15,MHP RIESEN Ludwigsburg,FC Bayern München,96,68,75.2,127.7,90.4,90.4,127.7,14,3,11,0,68,96,0,MHP RIESEN Ludwigsburg
EuroLeague,2022-2023,Round 20,2023-01-20,Anadolu Efes Istanbul,FC Bayern München,81,89,71.5,113.3,124.5,124.5,113.3,14,5,9,0,89,81,1,Anadolu Efes Istanbul
BBL,2022-2023,Round 15,2023-01-22,FC Bayern München,BG Göttingen,105,74,76.5,137.3,96.7,96.7,137.3,2,14,-12,1,105,74,1,BG Göttingen
EuroLeague,2022-2023,Round 21,2023-01-27,FC Bayern München,Virtus Segafredo Bologna,91,84,71.5,127.3,117.5,117.5,127.3,5,14,-9,1,91,84,1,Virtus Segafredo Bologna
BBL,2022-2023,Round 16,2023-01-29,MLP Academics Heidelberg,FC Bayern München,83,87,73.6,112.8,118.2,118.2,112.8,7,2,5,0,87,83,1,MLP Academics Heidelberg
EuroLeague,2022-2023,Round 22,2023-01-31,Valencia Basket,FC Bayern München,82,73,71.5,114.7,102.1,102.1,114.7,14,2,12,0,73,82,0,Valencia Basket
EuroLeague,2022-2023,Round 23,2023-02-02,FC Barcelona,FC Bayern München,72,70,71.5,100.7,97.9,97.9,100.7,14,2,12,0,70,72,0,FC Barcelona
BBL,2022-2023,Round 17,2023-02-05,FC Bayern München,SYNTAINICS MBC,87,66,72.1,120.7,91.5,91.5,120.7,3,14,-11,1,87,66,1,SYNTAINICS MBC
EuroLeague,2022-2023,Round 24,2023-02-09,FC Bayern München,Partizan Mozzart Bet Belgrade,71,82,71.5,99.3,114.7,114.7,99.3,4,14,-10,1,71,82,0,Partizan Mozzart Bet Belgrade
BBL,2022-2023,Round 18,2023-02-12,ratiopharm ulm,FC Bayern München,77,64,71.5,107.7,89.5,89.5,107.7,14,3,11,0,64,77,0,ratiopharm ulm
BBL-Pokal,2022-2023,Semifinal,2023-02-18,FC Bayern München,ALBA Berlin,83,77,73.8,112.5,104.3,104.3,112.5,6,14,-8,1,83,77,1,ALBA Berlin
BBL-Pokal,2022-2023,Final,2023-02-19,EWE Baskets Oldenburg,FC Bayern München,78,90,74.5,104.7,120.8,120.8,104.7,14,1,13,0,90,78,1,EWE Baskets Oldenburg
EuroLeague,2022-2023,Round 25,2023-02-23,Maccabi Playtika Tel Aviv,FC Bayern München,90,82,71.5,125.9,114.7,114.7,125.9,14,4,10,0,82,90,0,Maccabi Playtika Tel Aviv
EuroLeague,2022-2023,Round 26,2023-03-02,FC Bayern München,Crvena Zvezda Meridianbet Belgrade,87,80,71.5,121.7,111.9,111.9,121.7,7,14,-7,1,87,80,1,Crvena Zvezda Meridianbet Belgrade
BBL,2022-2023,Round 19,2023-03-05,FC Bayern München,SKYLINERS Frankfurt,87,76,71.0,122.5,107.0,107.0,122.5,3,14,-11,1,87,76,1,SKYLINERS Frankfurt
EuroLeague,2022-2023,Round 27,2023-03-07,FC Bayern München,LDLC ASVEL Villeurbanne,76,72,71.5,106.3,100.7,100.7,106.3,2,14,-12,1,76,72,1,LDLC ASVEL Villeurbanne
EuroLeague,2022-2023,Round 28,2023-03-09,Olympiacos Piraeus,FC Bayern München,102,74,71.5,142.7,103.5,103.5,142.7,14,2,12,0,74,102,0,Olympiacos Piraeus
BBL,2022-2023,Round 20,2023-03-12,Hamburg Towers,FC Bayern München,81,70,72.8,111.3,96.2,96.2,111.3,14,3,11,0,70,81,0,Hamburg Towers
EuroLeague,2022-2023,Round 29,2023-03-17,FC Bayern München,ALBA Berlin,75,76,71.5,104.9,106.3,106.3,104.9,5,14,-9,1,75,76,0,ALBA Berlin
BBL,2022-2023,Round 21,2023-03-19,FC Bayern München,HAKRO Merlins Crailsheim,82,77,72.0,113.9,106.9,106.9,113.9,2,14,-12,1,82,77,1,HAKRO Merlins Crailsheim
EuroLeague,2022-2023,Round 30,2023-03-24,EA7 Emporio Armani Milan,FC Bayern München,99,74,71.5,138.5,103.5,103.5,138.5,14,5,9,0,74,99,0,EA7 Emporio Armani Milan
BBL,2022-2023,Round 22,2023-03-26,NINERS Chemnitz,FC Bayern München,58,79,70.0,82.9,112.9,112.9,82.9,14,2,12,0,79,58,1,NINERS Chemnitz
EuroLeague,2022-2023,Round 31,2023-03-28,Panathinaikos Athens,FC Bayern München,86,76,71.5,120.3,106.3,106.3,120.3,14,2,12,0,76,86,0,Panathinaikos Athens
EuroLeague,2022-2023,Round 32,2023-03-31,FC Bayern München,AS Monaco,81,84,71.5,113.3,117.5,117.5,113.3,3,14,-11,1,81,84,0,AS Monaco
BBL,2022-2023,Round 23,2023-04-02,FC Bayern München,Basketball Löwen Braunschweig,97,78,74.2,130.7,105.1,105.1,130.7,2,14,-12,1,97,78,1,Basketball Löwen Braunschweig
EuroLeague,2022-2023,Round 33,2023-04-06,Real Madrid,FC Bayern München,79,67,71.5,110.5,93.7,93.7,110.5,14,4,10,0,67,79,0,Real Madrid
BBL,2022-2023,Round 24,2023-04-09,Würzburg Baskets,FC Bayern München,73,85,71.8,101.7,118.4,118.4,101.7,14,3,11,0,85,73,1,Würzburg Baskets
EuroLeague,2022-2023,Round 34,2023-04-14,FC Bayern München,Zalgiris Kaunas,80,83,71.5,111.9,116.1,116.1,111.9,5,14,-9,1,80,83,0,Zalgiris Kaunas
BBL,2022-2023,Round 25,2023-04-16,FC Bayern München,Telekom Baskets Bonn,73,77,72.4,100.8,106.4,106.4,100.8,2,14,-12,1,73,77,0,Telekom Baskets Bonn
BBL,2022-2023,Round 26,2023-04-23,EWE Baskets Oldenburg,FC Bayern München,88,76,74.0,118.9,102.7,102.7,118.9,14,7,7,0,76,88,0,EWE Baskets Oldenburg
BBL,2022-2023,Round 27,2023-04-30,FC Bayern München,medi bayreuth,81,68,71.0,114.1,95.8,95.8,114.1,7,14,-7,1,81,68,1,medi bayreuth
BBL,2022-2023,Round 28,2023-05-04,Bamberg Baskets,FC Bayern München,87,84,73.5,118.4,114.3,114.3,118.4,14,4,10,0,84,87,0,Bamberg Baskets
BBL,2022-2023,Round 29,2023-05-07,FC Bayern München,ROSTOCK SEAWOLVES,78,89,74.8,104.3,119.0,119.0,104.3,3,14,-11,1,78,89,0,ROSTOCK SEAWOLVES
BBL,2022-2023,Playoffs QF G1,2023-05-16,Telekom Baskets Bonn,FC Bayern München,94,63,75.0,125.3,84.0,84.0,125.3,14,9,5,0,63,94,0,Telekom Baskets Bonn
BBL,2022-2023,Playoffs QF G2,2023-05-18,FC Bayern München,Telekom Baskets Bonn,70,89,73.2,95.6,121.6,121.6,95.6,2,2,0,1,70,89,0,Telekom Baskets Bonn
BBL,2022-2023,Playoffs QF G3,2023-05-21,Telekom Baskets Bonn,FC Bayern München,83,68,72.0,115.3,94.4,94.4,115.3,3,3,0,0,68,83,0,Telekom Baskets Bonn
BBL,2023-2024,Round 1,2023-09-29,FC Bayern München,SYNTAINICS MBC,96,87,75.5,127.2,115.2,115.2,127.2,14,14,0,1,96,87,1,SYNTAINICS MBC
BBL,2023-2024,Round 2,2023-10-02,EWE Baskets Oldenburg,FC Bayern München,77,67,73.0,105.5,91.8,91.8,105.5,14,3,11,0,67,77,0,EWE Baskets Oldenburg
EuroLeague,2023-2024,Round 1,2023-10-05,FC Bayern München,ALBA Berlin,80,68,71.5,111.9,95.1,95.1,111.9,3,14,-11,1,80,68,1,ALBA Berlin
BBL,2023-2024,Round 3,2023-10-09,FC Bayern München,Hamburg Towers,90,79,74.0,121.6,106.8,106.8,121.6,4,14,-10,1,90,79,1,Hamburg Towers
EuroLeague,2023-2024,Round 2,2023-10-12,Panathinaikos AKTOR Athens,FC Bayern München,78,71,71.5,109.1,99.3,99.3,109.1,7,3,4,0,71,78,0,Panathinaikos AKTOR Athens
BBL-Pokal,2023-2024,Round of 16,2023-10-15,EWE Baskets Oldenburg,FC Bayern München,73,75,72.2,101.1,103.9,103.9,101.1,13,3,10,0,75,73,1,EWE Baskets Oldenburg
EuroLeague,2023-2024,Round 3,2023-10-17,Baskonia Vitoria-Gasteiz,FC Bayern München,68,76,71.5,95.1,106.3,106.3,95.1,7,2,5,0,76,68,1,Baskonia Vitoria-Gasteiz
EuroLeague,2023-2024,Round 4,2023-10-20,FC Barcelona,FC Bayern München,98,59,71.5,137.1,82.5,82.5,137.1,14,3,11,0,59,98,0,FC Barcelona
BBL,2023-2024,Round 4,2023-10-22,HAKRO Merlins Crailsheim,FC Bayern München,62,97,73.8,84.0,131.4,131.4,84.0,14,2,12,0,97,62,1,HAKRO Merlins Crailsheim
EuroLeague,2023-2024,Round 5,2023-10-27,FC Bayern München,Fenerbahce Beko Istanbul,67,76,71.5,93.7,106.3,106.3,93.7,5,14,-9,1,67,76,0,Fenerbahce Beko Istanbul
BBL,2023-2024,Round 5,2023-10-29,FC Bayern München,Würzburg Baskets,87,64,71.0,122.5,90.1,90.1,122.5,2,14,-12,1,87,64,1,Würzburg Baskets
EuroLeague,2023-2024,Round 6,2023-11-02,Crvena Zvezda Meridianbet Belgrade,FC Bayern München,74,68,71.5,103.5,95.1,95.1,103.5,14,4,10,0,68,74,0,Crvena Zvezda Meridianbet Belgrade
BBL,2023-2024,Round 6,2023-11-05,Basketball Löwen Braunschweig,FC Bayern München,61,70,69.5,87.8,100.7,100.7,87.8,14,3,11,0,70,61,1,Basketball Löwen Braunschweig
EuroLeague,2023-2024,Round 7,2023-11-09,Maccabi Playtika Tel Aviv,FC Bayern München,93,90,71.5,130.1,125.9,125.9,130.1,14,4,10,0,90,93,0,Maccabi Playtika Tel Aviv
BBL,2023-2024,Round 7,2023-11-12,FC Bayern München,Telekom Baskets Bonn,90,68,73.2,123.0,92.9,92.9,123.0,3,14,-11,1,90,68,1,Telekom Baskets Bonn
EuroLeague,2023-2024,Round 8,2023-11-15,FC Bayern München,Partizan Mozzart Bet Belgrade,94,85,71.5,131.5,118.9,118.9,131.5,3,14,-11,1,94,85,1,Partizan Mozzart Bet Belgrade
EuroLeague,2023-2024,Round 9,2023-11-17,Zalgiris Kaunas,FC Bayern München,74,73,71.5,103.5,102.1,102.1,103.5,14,2,12,0,73,74,0,Zalgiris Kaunas
BBL,2023-2024,Round 8,2023-11-19,NINERS Chemnitz,FC Bayern München,77,73,71.4,107.8,102.2,102.2,107.8,14,2,12,0,73,77,0,NINERS Chemnitz
EuroLeague,2023-2024,Round 10,2023-11-23,LDLC ASVEL Villeurbanne,FC Bayern München,100,101,71.5,139.9,141.3,141.3,139.9,14,4,10,0,101,100,1,LDLC ASVEL Villeurbanne
BBL,2023-2024,Round 9,2023-11-26,FC Bayern München,ratiopharm ulm,95,80,75.0,126.7,106.7,106.7,126.7,3,14,-11,1,95,80,1,ratiopharm ulm
EuroLeague,2023-2024,Round 11,2023-11-30,FC Bayern München,Virtus Segafredo Bologna,90,76,71.5,125.9,106.3,106.3,125.9,4,14,-10,1,90,76,1,Virtus Segafredo Bologna
BBL,2023-2024,Round 10,2023-12-03,RASTA Vechta,FC Bayern München,81,85,73.5,110.2,115.6,115.6,110.2,14,3,11,0,85,81,1,RASTA Vechta
EuroLeague,2023-2024,Round 12,2023-12-05,FC Bayern München,EA7 Emporio Armani Milan,91,84,71.5,127.3,117.5,117.5,127.3,2,14,-12,1,91,84,1,EA7 Emporio Armani Milan
EuroLeague,2023-2024,Round 13,2023-12-08,Olympiacos Piraeus,FC Bayern München,77,69,71.5,107.7,96.5,96.5,107.7,14,3,11,0,69,77,0,Olympiacos Piraeus
BBL-Pokal,2023-2024,Quarterfinal,2023-12-09,Telekom Baskets Bonn,FC Bayern München,78,86,73.0,106.8,117.8,117.8,106.8,14,1,13,0,86,78,1,Telekom Baskets Bonn
EuroLeague,2023-2024,Round 14,2023-12-14,Real Madrid,FC Bayern München,88,73,71.5,123.1,102.1,102.1,123.1,14,5,9,0,73,88,0,Real Madrid
BBL,2023-2024,Round 11,2023-12-17,FC Bayern München,BG Göttingen,86,60,70.8,121.5,84.7,84.7,121.5,3,14,-11,1,86,60,1,BG Göttingen
EuroLeague,2023-2024,Round 15,2023-12-20,FC Bayern München,Anadolu Efes Istanbul,86,71,71.5,120.3,99.3,99.3,120.3,3,14,-11,1,86,71,1,Anadolu Efes Istanbul
BBL,2023-2024,Round 12,2023-12-22,MLP Academics Heidelberg,FC Bayern München,89,82,74.6,119.3,109.9,109.9,119.3,14,2,12,0,82,89,0,MLP Academics Heidelberg
EuroLeague,2023-2024,Round 16,2023-12-22,FC Bayern München,AS Monaco,80,91,71.5,111.9,127.3,127.3,111.9,1,14,-13,1,80,91,0,AS Monaco
BBL,2023-2024,Round 13,2023-12-27,FC Bayern München,Bamberg Baskets,92,84,74.0,124.3,113.5,113.5,124.3,5,14,-9,1,92,84,1,Bamberg Baskets
EuroLeague,2023-2024,Round 17,2023-12-28,FC Bayern München,Valencia Basket,85,84,71.5,118.9,117.5,117.5,118.9,1,14,-13,1,85,84,1,Valencia Basket
BBL,2023-2024,Round 14,2023-12-30,ROSTOCK SEAWOLVES,FC Bayern München,85,91,75.2,113.0,121.0,121.0,113.0,14,2,12,0,91,85,1,ROSTOCK SEAWOLVES
EuroLeague,2023-2024,Round 18,2024-01-03,Virtus Segafredo Bologna,FC Bayern München,85,83,71.5,118.9,116.1,116.1,118.9,14,4,10,0,83,85,0,Virtus Segafredo Bologna
EuroLeague,2023-2024,Round 19,2024-01-05,EA7 Emporio Armani Milan,FC Bayern München,76,62,71.5,106.3,86.7,86.7,106.3,14,2,12,0,62,76,0,EA7 Emporio Armani Milan
BBL,2023-2024,Round 15,2024-01-07,FC Bayern München,MHP RIESEN Ludwigsburg,92,84,73.8,124.7,113.8,113.8,124.7,2,14,-12,1,92,84,1,MHP RIESEN Ludwigsburg
EuroLeague,2023-2024,Round 20,2024-01-09,FC Bayern München,Real Madrid,71,92,71.5,99.3,128.7,128.7,99.3,2,14,-12,1,71,92,0,Real Madrid
EuroLeague,2023-2024,Round 21,2024-01-11,Fenerbahce Beko Istanbul,FC Bayern München,98,91,71.5,137.1,127.3,127.3,137.1,14,2,12,0,91,98,0,Fenerbahce Beko Istanbul
BBL,2023-2024,Round 16,2024-01-14,ALBA Berlin,FC Bayern München,65,82,72.0,90.3,113.9,113.9,90.3,14,3,11,0,82,65,1,ALBA Berlin
EuroLeague,2023-2024,Round 22,2024-01-18,ALBA Berlin,FC Bayern München,65,82,71.5,90.9,114.7,114.7,90.9,4,4,0,0,82,65,1,ALBA Berlin
BBL,2023-2024,Round 17,2024-01-21,FC Bayern München,HAKRO Merlins Crailsheim,98,81,74.5,131.5,108.7,108.7,131.5,3,14,-11,1,98,81,1,HAKRO Merlins Crailsheim
EuroLeague,2023-2024,Round 23,2024-01-25,FC Bayern München,LDLC ASVEL Villeurbanne,64,76,71.5,89.5,106.3,106.3,89.5,4,14,-10,1,64,76,0,LDLC ASVEL Villeurbanne
BBL,2023-2024,Round 18,2024-01-28,SYNTAINICS MBC,FC Bayern München,74,116,78.0,94.9,148.7,148.7,94.9,14,3,11,0,116,74,1,SYNTAINICS MBC
EuroLeague,2023-2024,Round 24,2024-01-30,FC Bayern München,Baskonia Vitoria-Gasteiz,112,109,71.5,156.6,152.4,152.4,156.6,2,14,-12,1,112,109,1,Baskonia Vitoria-Gasteiz
EuroLeague,2023-2024,Round 25,2024-02-01,FC Bayern München,Olympiacos Piraeus,72,76,71.5,100.7,106.3,106.3,100.7,2,14,-12,1,72,76,0,Olympiacos Piraeus
BBL,2023-2024,Round 19,2024-02-04,FC Bayern München,EWE Baskets Oldenburg,93,73,73.5,126.5,99.3,99.3,126.5,3,14,-11,1,93,73,1,EWE Baskets Oldenburg
EuroLeague,2023-2024,Round 26,2024-02-08,Partizan Mozzart Bet Belgrade,FC Bayern München,78,79,71.5,109.1,110.5,110.5,109.1,14,4,10,0,79,78,1,Partizan Mozzart Bet Belgrade
BBL,2023-2024,Round 20,2024-02-11,Hamburg Towers,FC Bayern München,74,81,72.2,102.5,112.2,112.2,102.5,14,3,11,0,81,74,1,Hamburg Towers
BBL-Pokal,2023-2024,Semifinal,2024-02-17,FC Bayern München,Bamberg Baskets,81,62,70.0,115.7,88.6,88.6,115.7,6,14,-8,1,81,62,1,Bamberg Baskets
BBL-Pokal,2023-2024,Final,2024-02-18,FC Bayern München,ratiopharm ulm,81,65,71.0,114.1,91.5,91.5,114.1,1,14,-13,1,81,65,1,ratiopharm ulm
EuroLeague,2023-2024,Round 27,2024-03-01,FC Bayern München,Crvena Zvezda Meridianbet Belgrade,74,66,71.5,103.5,92.3,92.3,103.5,12,14,-2,1,74,66,1,Crvena Zvezda Meridianbet Belgrade
BBL,2023-2024,Round 21,2024-03-03,FC Bayern München,BG Göttingen,90,76,73.0,123.3,104.1,104.1,123.3,2,14,-12,1,90,76,1,BG Göttingen
EuroLeague,2023-2024,Round 28,2024-03-07,Anadolu Efes Istanbul,FC Bayern München,109,86,71.5,152.4,120.3,120.3,152.4,14,4,10,0,86,109,0,Anadolu Efes Istanbul
BBL,2023-2024,Round 22,2024-03-10,Würzburg Baskets,FC Bayern München,82,90,73.6,111.4,122.3,122.3,111.4,14,3,11,0,90,82,1,Würzburg Baskets
EuroLeague,2023-2024,Round 29,2024-03-15,FC Bayern München,Zalgiris Kaunas,64,58,71.5,89.5,81.1,81.1,89.5,5,14,-9,1,64,58,1,Zalgiris Kaunas
BBL,2023-2024,Round 23,2024-03-17,FC Bayern München,Basketball Löwen Braunschweig,76,74,70.5,107.8,105.0,105.0,107.8,2,14,-12,1,76,74,1,Basketball Löwen Braunschweig
EuroLeague,2023-2024,Round 30,2024-03-20,Valencia Basket,FC Bayern München,70,68,71.5,97.9,95.1,95.1,97.9,14,3,11,0,68,70,0,Valencia Basket
EuroLeague,2023-2024,Round 31,2024-03-22,FC Bayern München,Maccabi Playtika Tel Aviv,74,89,71.5,103.5,124.5,124.5,103.5,2,14,-12,1,74,89,0,Maccabi Playtika Tel Aviv
BBL,2023-2024,Round 24,2024-03-24,Telekom Baskets Bonn,FC Bayern München,88,83,74.8,117.6,111.0,111.0,117.6,14,2,12,0,83,88,0,Telekom Baskets Bonn
EuroLeague,2023-2024,Round 32,2024-03-28,FC Bayern München,FC Barcelona,79,87,71.5,110.5,121.7,121.7,110.5,4,14,-10,1,79,87,0,FC Barcelona
BBL,2023-2024,Round 25,2024-03-31,FC Bayern München,NINERS Chemnitz,89,80,73.2,121.6,109.3,109.3,121.6,3,14,-11,1,89,80,1,NINERS Chemnitz
EuroLeague,2023-2024,Round 33,2024-04-05,FC Bayern München,Panathinaikos AKTOR Athens,75,82,71.5,104.9,114.7,114.7,104.9,5,14,-9,1,75,82,0,Panathinaikos AKTOR Athens
BBL,2023-2024,Round 26,2024-04-07,ratiopharm ulm,FC Bayern München,74,81,72.5,102.1,111.7,111.7,102.1,14,2,12,0,81,74,1,ratiopharm ulm
EuroLeague,2023-2024,Round 34,2024-04-11,AS Monaco,FC Bayern München,89,85,71.5,124.5,118.9,118.9,124.5,14,4,10,0,85,89,0,AS Monaco
BBL,2023-2024,Round 27,2024-04-14,FC Bayern München,RASTA Vechta,88,77,73.4,119.9,104.9,104.9,119.9,3,14,-11,1,88,77,1,RASTA Vechta
BBL,2023-2024,Round 28,2024-04-21,Bamberg Baskets,FC Bayern München,81,99,75.8,106.9,130.6,130.6,106.9,14,7,7,0,99,81,1,Bamberg Baskets
BBL,2023-2024,Round 29,2024-04-28,FC Bayern München,MLP Academics Heidelberg,91,69,72.0,126.4,95.8,95.8,126.4,7,14,-7,1,91,69,1,MLP Academics Heidelberg
BBL,2023-2024,Round 30,2024-05-05,MHP RIESEN Ludwigsburg,FC Bayern München,80,85,73.5,108.8,115.6,115.6,108.8,14,7,7,0,85,80,1,MHP RIESEN Ludwigsburg
BBL,2023-2024,Round 31,2024-05-08,FC Bayern München,ROSTOCK SEAWOLVES,101,73,76.0,132.9,96.1,96.1,132.9,3,14,-11,1,101,73,1,ROSTOCK SEAWOLVES
BBL,2023-2024,Round 32,2024-05-12,FC Bayern München,ALBA Berlin,77,87,74.0,104.1,117.6,117.6,104.1,4,14,-10,1,77,87,0,ALBA Berlin
BBL,2023-2024,Playoffs QF G1,2024-05-18,FC Bayern München,MHP RIESEN Ludwigsburg,98,102,77.0,127.3,132.5,132.5,127.3,6,13,-7,1,98,102,0,MHP RIESEN Ludwigsburg
BBL,2023-2024,Playoffs QF G2,2024-05-20,MHP RIESEN Ludwigsburg,FC Bayern München,67,83,71.5,93.7,116.1,116.1,93.7,2,2,0,0,83,67,1,MHP RIESEN Ludwigsburg
BBL,2023-2024,Playoffs QF G3,2024-05-22,FC Bayern München,MHP RIESEN Ludwigsburg,84,73,72.4,116.0,100.8,100.8,116.0,2,2,0,1,84,73,1,MHP RIESEN Ludwigsburg
BBL,2023-2024,Playoffs QF G4,2024-05-24,MHP RIESEN Ludwigsburg,FC Bayern München,69,76,71.0,97.2,107.0,107.0,97.2,2,2,0,0,76,69,1,MHP RIESEN Ludwigsburg
BBL,2023-2024,Playoffs SF G1,2024-05-29,FC Bayern München,Würzburg Baskets,91,76,73.8,123.3,103.0,103.0,123.3,5,14,-9,1,91,76,1,Würzburg Baskets
BBL,2023-2024,Playoffs SF G2,2024-05-31,Würzburg Baskets,FC Bayern München,75,99,75.0,100.0,132.0,132.0,100.0,2,2,0,0,99,75,1,Würzburg Baskets
BBL,2023-2024,Playoffs SF G3,2024-06-02,FC Bayern München,Würzburg Baskets,75,61,69.8,107.4,87.4,87.4,107.4,2,2,0,1,75,61,1,Würzburg Baskets
BBL,2023-2024,Playoffs Finals G1,2024-06-08,FC Bayern München,ALBA Berlin,79,67,71.5,110.5,93.7,93.7,110.5,6,14,-8,1,79,67,1,ALBA Berlin
BBL,2023-2024,Playoffs Finals G2,2024-06-10,ALBA Berlin,FC Bayern München,79,70,72.0,109.7,97.2,97.2,109.7,2,2,0,0,70,79,0,ALBA Berlin
BBL,2023-2024,Playoffs Finals G3,2024-06-12,FC Bayern München,ALBA Berlin,67,63,68.5,97.8,92.0,92.0,97.8,2,2,0,1,67,63,1,ALBA Berlin
BBL,2023-2024,Playoffs Finals G4,2024-06-14,ALBA Berlin,FC Bayern München,82,88,74.2,110.5,118.6,118.6,110.5,2,2,0,0,88,82,1,ALBA Berlin
BBL,2024-2025,Round 1,2024-09-20,FC Bayern München,NINERS Chemnitz,73,59,70.0,104.3,84.3,84.3,104.3,14,14,0,1,73,59,1,NINERS Chemnitz
BBL,2024-2025,Round 2,2024-09-29,MHP RIESEN Ludwigsburg,FC Bayern München,70,79,71.2,98.3,111.0,111.0,98.3,14,9,5,0,79,70,1,MHP RIESEN Ludwigsburg
EuroLeague,2024-2025,Round 1,2024-10-03,FC Bayern München,Real Madrid,97,89,71.5,135.7,124.5,124.5,135.7,4,14,-10,1,97,89,1,Real Madrid
BBL,2024-2025,Round 3,2024-10-06,FC Bayern München,BG Göttingen,95,72,74.0,128.4,97.3,97.3,128.4,3,14,-11,1,95,72,1,BG Göttingen
EuroLeague,2024-2025,Round 2,2024-10-10,Panathinaikos AKTOR Athens,FC Bayern München,94,79,71.5,131.5,110.5,110.5,131.5,14,4,10,0,79,94,0,Panathinaikos AKTOR Athens
BBL-Pokal,2024-2025,Round of 16,2024-10-13,Telekom Baskets Bonn,FC Bayern München,85,91,74.8,113.6,121.7,121.7,113.6,14,3,11,0,91,85,1,Telekom Baskets Bonn
EuroLeague,2024-2025,Round 3,2024-10-15,Partizan Mozzart Bet Belgrade,FC Bayern München,86,78,71.5,120.3,109.1,109.1,120.3,14,2,12,0,78,86,0,Partizan Mozzart Bet Belgrade
EuroLeague,2024-2025,Round 4,2024-10-17,FC Bayern München,Paris Basketball,109,107,71.5,152.4,149.7,149.7,152.4,2,7,-5,1,109,107,1,Paris Basketball
BBL,2024-2025,Round 4,2024-10-20,SYNTAINICS MBC,FC Bayern München,79,87,73.5,107.5,118.4,118.4,107.5,14,3,11,0,87,79,1,SYNTAINICS MBC
EuroLeague,2024-2025,Round 5,2024-10-25,FC Bayern München,Olympiacos Piraeus,84,80,71.5,117.5,111.9,111.9,117.5,5,14,-9,1,84,80,1,Olympiacos Piraeus
BBL,2024-2025,Round 5,2024-10-27,FC Bayern München,Würzburg Baskets,70,69,69.0,101.4,100.0,100.0,101.4,2,14,-12,1,70,69,1,Würzburg Baskets
EuroLeague,2024-2025,Round 6,2024-10-29,Virtus Segafredo Bologna,FC Bayern München,84,87,71.5,117.5,121.7,121.7,117.5,14,2,12,0,87,84,1,Virtus Segafredo Bologna
EuroLeague,2024-2025,Round 7,2024-11-01,LDLC ASVEL Villeurbanne,FC Bayern München,71,84,71.5,99.3,117.5,117.5,99.3,14,3,11,0,84,71,1,LDLC ASVEL Villeurbanne
BBL,2024-2025,Round 6,2024-11-03,Basketball Löwen Braunschweig,FC Bayern München,72,90,72.8,98.9,123.6,123.6,98.9,14,2,12,0,90,72,1,Basketball Löwen Braunschweig
EuroLeague,2024-2025,Round 8,2024-11-07,FC Bayern München,Zalgiris Kaunas,77,74,71.5,107.7,103.5,103.5,107.7,4,14,-10,1,77,74,1,Zalgiris Kaunas
BBL-Pokal,2024-2025,Quarterfinal,2024-11-10,FC Bayern München,RASTA Vechta,88,77,73.0,120.5,105.5,105.5,120.5,3,14,-11,1,88,77,1,RASTA Vechta
EuroLeague,2024-2025,Round 9,2024-11-12,Fenerbahce Beko Istanbul,FC Bayern München,87,76,71.5,121.7,106.3,106.3,121.7,14,2,12,0,76,87,0,Fenerbahce Beko Istanbul
EuroLeague,2024-2025,Round 10,2024-11-14,FC Bayern München,ALBA Berlin,115,88,71.5,160.8,123.1,123.1,160.8,2,14,-12,1,115,88,1,ALBA Berlin
BBL,2024-2025,Round 7,2024-11-17,FC Bayern München,Telekom Baskets Bonn,93,73,74.0,125.7,98.6,98.6,125.7,3,14,-11,1,93,73,1,Telekom Baskets Bonn
EuroLeague,2024-2025,Round 11,2024-11-22,FC Bayern München,FC Barcelona,100,78,71.5,139.9,109.1,109.1,139.9,5,14,-9,1,100,78,1,FC Barcelona
EuroLeague,2024-2025,Round 12,2024-11-29,Crvena Zvezda Meridianbet Belgrade,FC Bayern München,101,77,71.5,141.3,107.7,107.7,141.3,14,7,7,0,77,101,0,Crvena Zvezda Meridianbet Belgrade
BBL,2024-2025,Round 8,2024-12-01,ratiopharm ulm,FC Bayern München,81,79,73.2,110.7,107.9,107.9,110.7,14,2,12,0,79,81,0,ratiopharm ulm
EuroLeague,2024-2025,Round 13,2024-12-03,Anadolu Efes Istanbul,FC Bayern München,101,90,71.5,141.3,125.9,125.9,141.3,14,2,12,0,90,101,0,Anadolu Efes Istanbul
EuroLeague,2024-2025,Round 14,2024-12-05,FC Bayern München,Baskonia Vitoria-Gasteiz,94,80,71.5,131.5,111.9,111.9,131.5,2,14,-12,1,94,80,1,Baskonia Vitoria-Gasteiz
BBL,2024-2025,Round 9,2024-12-08,FC Bayern München,RASTA Vechta,94,82,75.0,125.3,109.3,109.3,125.3,3,14,-11,1,94,82,1,RASTA Vechta
EuroLeague,2024-2025,Round 15,2024-12-12,FC Bayern München,Maccabi Playtika Tel Aviv,98,93,71.5,137.1,130.1,130.1,137.1,4,14,-10,1,98,93,1,Maccabi Playtika Tel Aviv
BBL,2024-2025,Round 10,2024-12-15,Bamberg Baskets,FC Bayern München,76,85,72.4,105.0,117.4,117.4,105.0,14,3,11,0,85,76,1,Bamberg Baskets
EuroLeague,2024-2025,Round 16,2024-12-17,AS Monaco,FC Bayern München,93,74,71.5,130.1,103.5,103.5,130.1,14,2,12,0,74,93,0,AS Monaco
EuroLeague,2024-2025,Round 17,2024-12-20,EA7 Emporio Armani Milan,FC Bayern München,78,79,71.5,109.1,110.5,110.5,109.1,14,3,11,0,79,78,1,EA7 Emporio Armani Milan
BBL,2024-2025,Round 11,2024-12-22,FC Bayern München,MLP Academics Heidelberg,88,71,71.8,122.6,98.9,98.9,122.6,2,14,-12,1,88,71,1,MLP Academics Heidelberg
EuroLeague,2024-2025,Round 18,2024-12-27,FC Bayern München,Panathinaikos AKTOR Athens,69,80,71.5,96.5,111.9,111.9,96.5,5,14,-9,1,69,80,0,Panathinaikos AKTOR Athens
BBL,2024-2025,Round 12,2024-12-29,ALBA Berlin,FC Bayern München,80,84,74.5,107.4,112.8,112.8,107.4,14,2,12,0,84,80,1,ALBA Berlin
EuroLeague,2024-2025,Round 19,2025-01-03,Real Madrid,FC Bayern München,88,76,71.5,123.1,106.3,106.3,123.1,14,5,9,0,76,88,0,Real Madrid
BBL,2024-2025,Round 13,2025-01-05,FC Bayern München,ROSTOCK SEAWOLVES,97,80,75.5,128.5,106.0,106.0,128.5,2,14,-12,1,97,80,1,ROSTOCK SEAWOLVES
EuroLeague,2024-2025,Round 20,2025-01-10,Olympiacos Piraeus,FC Bayern München,112,69,71.5,156.6,96.5,96.5,156.6,14,5,9,0,69,112,0,Olympiacos Piraeus
BBL,2024-2025,Round 14,2025-01-12,SKYLINERS Frankfurt,FC Bayern München,68,83,70.5,96.5,117.7,117.7,96.5,14,2,12,0,83,68,1,SKYLINERS Frankfurt
EuroLeague,2024-2025,Round 21,2025-01-15,FC Bayern München,AS Monaco,95,94,71.5,132.9,131.5,131.5,132.9,3,14,-11,1,95,94,1,AS Monaco
EuroLeague,2024-2025,Round 22,2025-01-17,FC Bayern München,Virtus Segafredo Bologna,72,82,71.5,100.7,114.7,114.7,100.7,2,14,-12,1,72,82,0,Virtus Segafredo Bologna
BBL,2024-2025,Round 15,2025-01-19,FC Bayern München,Hamburg Towers,91,75,73.8,123.3,101.6,101.6,123.3,2,14,-12,1,91,75,1,Hamburg Towers
EuroLeague,2024-2025,Round 23,2025-01-24,ALBA Berlin,FC Bayern München,84,99,71.5,117.5,138.5,138.5,117.5,14,5,9,0,99,84,1,ALBA Berlin
BBL,2024-2025,Round 16,2025-01-26,EWE Baskets Oldenburg,FC Bayern München,78,86,73.0,106.8,117.8,117.8,106.8,14,2,12,0,86,78,1,EWE Baskets Oldenburg
EuroLeague,2024-2025,Round 24,2025-01-30,Zalgiris Kaunas,FC Bayern München,82,97,71.5,114.7,135.7,135.7,114.7,14,4,10,0,97,82,1,Zalgiris Kaunas
BBL,2024-2025,Round 17,2025-02-02,FC Bayern München,MHP RIESEN Ludwigsburg,85,74,72.2,117.7,102.5,102.5,117.7,3,14,-11,1,85,74,1,MHP RIESEN Ludwigsburg
EuroLeague,2024-2025,Round 25,2025-02-04,FC Bayern München,EA7 Emporio Armani Milan,87,70,71.5,121.7,97.9,97.9,121.7,2,14,-12,1,87,70,1,EA7 Emporio Armani Milan
EuroLeague,2024-2025,Round 26,2025-02-06,FC Bayern München,LDLC ASVEL Villeurbanne,76,67,71.5,106.3,93.7,93.7,106.3,2,14,-12,1,76,67,1,LDLC ASVEL Villeurbanne
BBL,2024-2025,Round 18,2025-02-09,BG Göttingen,FC Bayern München,71,92,74.0,95.9,124.3,124.3,95.9,14,3,11,0,92,71,1,BG Göttingen
BBL-Pokal,2024-2025,Semifinal,2025-02-15,FC Bayern München,ALBA Berlin,84,78,73.0,115.1,106.8,106.8,115.1,6,14,-8,1,84,78,1,ALBA Berlin
BBL-Pokal,2024-2025,Final,2025-02-16,FC Bayern München,ratiopharm ulm,82,76,72.5,113.1,104.8,104.8,113.1,1,14,-13,1,82,76,1,ratiopharm ulm
EuroLeague,2024-2025,Round 27,2025-02-27,Paris Basketball,FC Bayern München,93,88,71.5,130.1,123.1,123.1,130.1,14,11,3,0,88,93,0,Paris Basketball
BBL,2024-2025,Round 19,2025-03-02,FC Bayern München,SYNTAINICS MBC,96,74,74.2,129.4,99.7,99.7,129.4,3,14,-11,1,96,74,1,SYNTAINICS MBC
EuroLeague,2024-2025,Round 28,2025-03-06,FC Bayern München,Crvena Zvezda Meridianbet Belgrade,100,82,71.5,139.9,114.7,114.7,139.9,4,14,-10,1,100,82,1,Crvena Zvezda Meridianbet Belgrade
BBL,2024-2025,Round 20,2025-03-09,Würzburg Baskets,FC Bayern München,72,80,71.0,101.4,112.7,112.7,101.4,14,3,11,0,80,72,1,Würzburg Baskets
EuroLeague,2024-2025,Round 29,2025-03-14,FC Bayern München,Anadolu Efes Istanbul,92,97,71.5,128.7,135.7,135.7,128.7,5,14,-9,1,92,97,0,Anadolu Efes Istanbul
BBL,2024-2025,Round 21,2025-03-16,FC Bayern München,Basketball Löwen Braunschweig,88,70,72.0,122.2,97.2,97.2,122.2,2,14,-12,1,88,70,1,Basketball Löwen Braunschweig
EuroLeague,2024-2025,Round 30,2025-03-20,Baskonia Vitoria-Gasteiz,FC Bayern München,112,89,71.5,156.6,124.5,124.5,156.6,14,4,10,0,89,112,0,Baskonia Vitoria-Gasteiz
BBL,2024-2025,Round 22,2025-03-23,Telekom Baskets Bonn,FC Bayern München,81,87,73.5,110.2,118.4,118.4,110.2,14,3,11,0,87,81,1,Telekom Baskets Bonn
EuroLeague,2024-2025,Round 31,2025-03-25,FC Barcelona,FC Bayern München,101,102,71.5,141.3,142.7,142.7,141.3,14,2,12,0,102,101,1,FC Barcelona
EuroLeague,2024-2025,Round 32,2025-03-27,FC Bayern München,Partizan Mozzart Bet Belgrade,89,74,71.5,124.5,103.5,103.5,124.5,2,14,-12,1,89,74,1,Partizan Mozzart Bet Belgrade
BBL,2024-2025,Round 23,2025-03-30,FC Bayern München,ratiopharm ulm,90,83,74.2,121.3,111.9,111.9,121.3,3,14,-11,1,90,83,1,ratiopharm ulm
EuroLeague,2024-2025,Round 33,2025-04-03,Maccabi Playtika Tel Aviv,FC Bayern München,93,90,71.5,130.1,125.9,125.9,130.1,14,4,10,0,90,93,0,Maccabi Playtika Tel Aviv
BBL,2024-2025,Round 24,2025-04-06,RASTA Vechta,FC Bayern München,75,83,72.5,103.4,114.5,114.5,103.4,14,3,11,0,83,75,1,RASTA Vechta
EuroLeague,2024-2025,Round 34,2025-04-10,FC Bayern München,Fenerbahce Beko Istanbul,77,89,71.5,107.7,124.5,124.5,107.7,4,14,-10,1,77,89,0,Fenerbahce Beko Istanbul
BBL,2024-2025,Round 25,2025-04-13,FC Bayern München,Bamberg Baskets,95,79,74.0,128.4,106.8,106.8,128.4,3,14,-11,1,95,79,1,Bamberg Baskets
EuroLeague,2024-2025,Round 35,2025-04-15,FC Bayern München,Crvena Zvezda Meridianbet Belgrade,97,93,71.5,135.7,130.1,130.1,135.7,2,14,-12,1,97,93,1,Crvena Zvezda Meridianbet Belgrade
EuroLeague,2024-2025,Round 36,2025-04-18,Real Madrid,FC Bayern München,93,71,71.5,130.1,99.3,99.3,130.1,14,3,11,0,71,93,0,Real Madrid
BBL,2024-2025,Round 26,2025-04-20,MLP Academics Heidelberg,FC Bayern München,77,85,73.0,105.5,116.4,116.4,105.5,14,2,12,0,85,77,1,MLP Academics Heidelberg
BBL,2024-2025,Round 27,2025-04-27,FC Bayern München,ALBA Berlin,82,78,73.8,111.1,105.7,105.7,111.1,7,14,-7,1,82,78,1,ALBA Berlin
BBL,2024-2025,Round 28,2025-05-04,ROSTOCK SEAWOLVES,FC Bayern München,82,91,74.5,110.1,122.1,122.1,110.1,14,7,7,0,91,82,1,ROSTOCK SEAWOLVES
