match_id,competition,season,round,date,home_team,away_team,venue,home_rest,away_rest,rest_diff
el_2627_rd1,EuroLeague,2026-2027,EuroLeague Round 1,2026-09-25,Real Madrid,FC Bayern München,"WiZink Center, Madrid",7,7,0
bbl_2627_rd1,BBL,2026-2027,BBL Matchday 1,2026-09-28,FC Bayern München,ALBA Berlin,"SAP Garden / BMW Park, Munich",3,7,-4
el_2627_rd2,EuroLeague,2026-2027,EuroLeague Round 2,2026-10-05,FC Bayern München,Panathinaikos AKTOR Athens,"SAP Garden, Munich",7,7,0
bbl_2627_rd2,BBL,2026-2027,BBL Matchday 2,2026-10-08,ratiopharm ulm,FC Bayern München,"ratiopharm arena, Neu-Ulm",7,3,4
pokal_2627_r16,BBL-Pokal,2026-2027,BBL-Pokal Round of 16,2026-10-13,Telekom Baskets Bonn,FC Bayern München,"Telekom Dome, Bonn",7,5,2
el_2627_rd3,EuroLeague,2026-2027,EuroLeague Round 3,2026-10-15,Olympiacos Piraeus,FC Bayern München,"Peace and Friendship Stadium, Piraeus",7,2,5
bbl_2627_rd3,BBL,2026-2027,BBL Matchday 3,2026-10-18,FC Bayern München,Telekom Baskets Bonn,"SAP Garden / BMW Park, Munich",3,5,-2
el_2627_rd4,EuroLeague,2026-2027,EuroLeague Round 4,2026-10-25,FC Bayern München,Fenerbahce Beko Istanbul,"SAP Garden, Munich",7,7,0
bbl_2627_rd4,BBL,2026-2027,BBL Matchday 4,2026-10-28,NINERS Chemnitz,FC Bayern München,Messe Chemnitz,7,3,4
el_2627_rd5,EuroLeague,2026-2027,EuroLeague Round 5,2026-11-04,FC Barcelona,FC Bayern München,"Palau Blaugrana, Barcelona",7,7,0
bbl_2627_rd5,BBL,2026-2027,BBL Matchday 5,2026-11-07,FC Bayern München,Würzburg Baskets,"SAP Garden / BMW Park, Munich",3,7,-4
el_2627_rd6,EuroLeague,2026-2027,EuroLeague Round 6,2026-11-14,FC Bayern München,AS Monaco,"SAP Garden, Munich",7,7,0
bbl_2627_rd6,BBL,2026-2027,BBL Matchday 6,2026-11-17,MHP RIESEN Ludwigsburg,FC Bayern München,"MHPArena, Ludwigsburg",7,3,4
el_2627_rd7,EuroLeague,2026-2027,EuroLeague Round 7,2026-11-24,Anadolu Efes Istanbul,FC Bayern München,"Sinan Erdem Dome, Istanbul",7,7,0
bbl_2627_rd7,BBL,2026-2027,BBL Matchday 7,2026-11-27,FC Bayern München,EWE Baskets Oldenburg,"SAP Garden / BMW Park, Munich",3,7,-4
el_2627_rd8,EuroLeague,2026-2027,EuroLeague Round 8,2026-12-04,FC Bayern München,Maccabi Playtika Tel Aviv,"SAP Garden, Munich",7,7,0
bbl_2627_rd8,BBL,2026-2027,BBL Matchday 8,2026-12-07,Bamberg Baskets,FC Bayern München,"Brose Arena, Bamberg",7,3,4
el_2627_rd9,EuroLeague,2026-2027,EuroLeague Round 9,2026-12-14,EA7 Emporio Armani Milan,FC Bayern München,"Unipol Forum, Milan",7,7,0
bbl_2627_rd9,BBL,2026-2027,BBL Matchday 9,2026-12-17,FC Bayern München,Hamburg Towers,"SAP Garden / BMW Park, Munich",3,7,-4
pokal_2627_qf,BBL-Pokal,2026-2027,BBL-Pokal Quarterfinal,2026-12-22,FC Bayern München,ratiopharm ulm,"BMW Park, Munich",5,14,-9
el_2627_rd10,EuroLeague,2026-2027,EuroLeague Round 10,2026-12-24,FC Bayern München,Partizan Mozzart Bet Belgrade,"SAP Garden, Munich",2,7,-5
bbl_2627_rd10,BBL,2026-2027,BBL Matchday 10,2026-12-27,Basketball Löwen Braunschweig,FC Bayern München,"Volkswagen Halle, Braunschweig",7,3,4
el_2627_rd11,EuroLeague,2026-2027,EuroLeague Round 11,2027-01-03,Crvena Zvezda Meridianbet Belgrade,FC Bayern München,"Belgrade Arena, Belgrade",7,7,0
bbl_2627_rd11,BBL,2026-2027,BBL Matchday 11,2027-01-06,FC Bayern München,ROSTOCK SEAWOLVES,"SAP Garden / BMW Park, Munich",3,7,-4
el_2627_rd12,EuroLeague,2026-2027,EuroLeague Round 12,2027-01-13,FC Bayern München,Zalgiris Kaunas,"SAP Garden, Munich",7,7,0
bbl_2627_rd12,BBL,2026-2027,BBL Matchday 12,2027-01-16,MLP Academics Heidelberg,FC Bayern München,"SNP dome, Heidelberg",7,3,4
el_2627_rd13,EuroLeague,2026-2027,EuroLeague Round 13,2027-01-23,Baskonia Vitoria-Gasteiz,FC Bayern München,"Buesa Arena, Vitoria-Gasteiz",7,7,0
bbl_2627_rd13,BBL,2026-2027,BBL Matchday 13,2027-01-26,FC Bayern München,SYNTAINICS MBC,"SAP Garden / BMW Park, Munich",3,7,-4
el_2627_rd14,EuroLeague,2026-2027,EuroLeague Round 14,2027-02-02,FC Bayern München,Virtus Segafredo Bologna,"SAP Garden, Munich",7,7,0
bbl_2627_rd14,BBL,2026-2027,BBL Matchday 14,2027-02-05,SKYLINERS Frankfurt,FC Bayern München,"Süwag Energie ARENA, Frankfurt",7,3,4
el_2627_rd15,EuroLeague,2026-2027,EuroLeague Round 15,2027-02-12,ALBA Berlin,FC Bayern München,"Uber Arena, Berlin",14,7,7
bbl_2627_rd15,BBL,2026-2027,BBL Matchday 15,2027-02-15,FC Bayern München,RASTA Vechta,"SAP Garden / BMW Park, Munich",3,7,-4
el_2627_rd16,EuroLeague,2026-2027,EuroLeague Round 16,2027-02-22,FC Bayern München,Paris Basketball,"SAP Garden, Munich",7,7,0
bbl_2627_rd16,BBL,2026-2027,BBL Matchday 16,2027-02-25,BG Göttingen,FC Bayern München,"Sparkassen-Arena, Göttingen",7,3,4
el_2627_rd17,EuroLeague,2026-2027,EuroLeague Round 17,2027-03-04,LDLC ASVEL Villeurbanne,FC Bayern München,"LDLC Arena, Lyon-Villeurbanne",7,7,0
bbl_2627_rd17,BBL,2026-2027,BBL Matchday 17,2027-03-07,FC Bayern München,HAKRO Merlins Crailsheim,"SAP Garden / BMW Park, Munich",3,7,-4
pokal_2627_sf,BBL-Pokal,2026-2027,BBL-Pokal TOP FOUR Semifinal,2027-03-13,FC Bayern München,ALBA Berlin,"BMW Park, Munich (Host)",6,14,-8
pokal_2627_final,BBL-Pokal,2026-2027,BBL-Pokal TOP FOUR Final,2027-03-14,FC Bayern München,Würzburg Baskets,"BMW Park, Munich (Host)",1,14,-13
el_2627_rd18,EuroLeague,2026-2027,EuroLeague Round 18,2027-03-21,Real Madrid,FC Bayern München,"WiZink Center, Madrid",14,7,7
bbl_2627_rd18,BBL,2026-2027,BBL Matchday 18,2027-03-24,FC Bayern München,ALBA Berlin,"SAP Garden / BMW Park, Munich",3,11,-8
el_2627_rd19,EuroLeague,2026-2027,EuroLeague Round 19,2027-03-31,FC Bayern München,Panathinaikos AKTOR Athens,"SAP Garden, Munich",7,14,-7
bbl_2627_rd19,BBL,2026-2027,BBL Matchday 19,2027-04-03,ratiopharm ulm,FC Bayern München,"ratiopharm arena, Neu-Ulm",14,3,11
el_2627_rd20,EuroLeague,2026-2027,EuroLeague Round 20,2027-04-10,Olympiacos Piraeus,FC Bayern München,"Peace and Friendship Stadium, Piraeus",14,7,7
bbl_2627_rd20,BBL,2026-2027,BBL Matchday 20,2027-04-13,FC Bayern München,Telekom Baskets Bonn,"SAP Garden / BMW Park, Munich",3,14,-11
el_2627_rd21,EuroLeague,2026-2027,EuroLeague Round 21,2027-04-20,FC Bayern München,Fenerbahce Beko Istanbul,"SAP Garden, Munich",7,14,-7
bbl_2627_rd21,BBL,2026-2027,BBL Matchday 21,2027-04-23,NINERS Chemnitz,FC Bayern München,Messe Chemnitz,14,3,11
el_2627_rd22,EuroLeague,2026-2027,EuroLeague Round 22,2027-04-30,FC Barcelona,FC Bayern München,"Palau Blaugrana, Barcelona",14,7,7
bbl_2627_rd22,BBL,2026-2027,BBL Matchday 22,2027-05-03,FC Bayern München,Würzburg Baskets,"SAP Garden / BMW Park, Munich",3,14,-11
el_2627_rd23,EuroLeague,2026-2027,EuroLeague Round 23,2027-05-10,FC Bayern München,AS Monaco,"SAP Garden, Munich",7,14,-7
bbl_2627_rd23,BBL,2026-2027,BBL Matchday 23,2027-05-13,MHP RIESEN Ludwigsburg,FC Bayern München,"MHPArena, Ludwigsburg",14,3,11
el_2627_rd24,EuroLeague,2026-2027,EuroLeague Round 24,2027-05-20,Anadolu Efes Istanbul,FC Bayern München,"Sinan Erdem Dome, Istanbul",14,7,7
bbl_2627_rd24,BBL,2026-2027,BBL Matchday 24,2027-05-23,FC Bayern München,EWE Baskets Oldenburg,"SAP Garden / BMW Park, Munich",3,14,-11
el_2627_rd25,EuroLeague,2026-2027,EuroLeague Round 25,2027-05-30,FC Bayern München,Maccabi Playtika Tel Aviv,"SAP Garden, Munich",7,14,-7
bbl_2627_rd25,BBL,2026-2027,BBL Matchday 25,2027-06-02,Bamberg Baskets,FC Bayern München,"Brose Arena, Bamberg",14,3,11
el_2627_rd26,EuroLeague,2026-2027,EuroLeague Round 26,2027-06-09,EA7 Emporio Armani Milan,FC Bayern München,"Unipol Forum, Milan",14,7,7
bbl_2627_rd26,BBL,2026-2027,BBL Matchday 26,2027-06-12,FC Bayern München,Hamburg Towers,"SAP Garden / BMW Park, Munich",3,14,-11
el_2627_rd27,EuroLeague,2026-2027,EuroLeague Round 27,2027-06-19,FC Bayern München,Partizan Mozzart Bet Belgrade,"SAP Garden, Munich",7,14,-7
bbl_2627_rd27,BBL,2026-2027,BBL Matchday 27,2027-06-22,Basketball Löwen Braunschweig,FC Bayern München,"Volkswagen Halle, Braunschweig",14,3,11
el_2627_rd28,EuroLeague,2026-2027,EuroLeague Round 28,2027-06-29,Crvena Zvezda Meridianbet Belgrade,FC Bayern München,"Belgrade Arena, Belgrade",14,7,7
bbl_2627_rd28,BBL,2026-2027,BBL Matchday 28,2027-07-02,FC Bayern München,ROSTOCK SEAWOLVES,"SAP Garden / BMW Park, Munich",3,14,-11
el_2627_rd29,EuroLeague,2026-2027,EuroLeague Round 29,2027-07-09,FC Bayern München,Zalgiris Kaunas,"SAP Garden, Munich",7,14,-7
bbl_2627_rd29,BBL,2026-2027,BBL Matchday 29,2027-07-12,MLP Academics Heidelberg,FC Bayern München,"SNP dome, Heidelberg",14,3,11
el_2627_rd30,EuroLeague,2026-2027,EuroLeague Round 30,2027-07-19,Baskonia Vitoria-Gasteiz,FC Bayern München,"Buesa Arena, Vitoria-Gasteiz",14,7,7
bbl_2627_rd30,BBL,2026-2027,BBL Matchday 30,2027-07-22,FC Bayern München,SYNTAINICS MBC,"SAP Garden / BMW Park, Munich",3,14,-11
el_2627_rd31,EuroLeague,2026-2027,EuroLeague Round 31,2027-07-29,FC Bayern München,Virtus Segafredo Bologna,"SAP Garden, Munich",7,14,-7
bbl_2627_rd31,BBL,2026-2027,BBL Matchday 31,2027-08-01,SKYLINERS Frankfurt,FC Bayern München,"Süwag Energie ARENA, Frankfurt",14,3,11
el_2627_rd32,EuroLeague,2026-2027,EuroLeague Round 32,2027-08-08,ALBA Berlin,FC Bayern München,"Uber Arena, Berlin",14,7,7
bbl_2627_rd32,BBL,2026-2027,BBL Matchday 32,2027-08-11,FC Bayern München,RASTA Vechta,"SAP Garden / BMW Park, Munich",3,14,-11
el_2627_rd33,EuroLeague,2026-2027,EuroLeague Round 33,2027-08-18,FC Bayern München,Paris Basketball,"SAP Garden, Munich",7,14,-7
bbl_2627_rd33,BBL,2026-2027,BBL Matchday 33,2027-08-21,BG Göttingen,FC Bayern München,"Sparkassen-Arena, Göttingen",14,3,11
el_2627_rd34,EuroLeague,2026-2027,EuroLeague Round 34,2027-08-28,LDLC ASVEL Villeurbanne,FC Bayern München,"LDLC Arena, Lyon-Villeurbanne",14,7,7
bbl_2627_rd34,BBL,2026-2027,BBL Matchday 34,2027-08-31,FC Bayern München,HAKRO Merlins Crailsheim,"SAP Garden / BMW Park, Munich",3,14,-11
