competition,season,round,date,home_team,away_team,home_score,away_score,pace,home_ortg,away_ortg,home_drtg,away_drtg
EuroLeague,2019-2020,Round 1,2019-10-03,FC Bayern Munich,AX Armani Exchange Milan,78,64,71.5,109.1,89.5,89.5,109.1
EuroLeague,2019-2020,Round 2,2019-10-10,CSKA Moscow,FC Bayern Munich,79,68,71.5,110.5,95.1,95.1,110.5
EuroLeague,2019-2020,Round 3,2019-10-17,FC Bayern Munich,LDLC ASVEL Villeurbanne,104,63,71.5,145.5,88.1,88.1,145.5
EuroLeague,2019-2020,Round 4,2019-10-24,FC Bayern Munich,Khimki Moscow Region,74,87,71.5,103.5,121.7,121.7,103.5
EuroLeague,2019-2020,Round 5,2019-10-30,FC Bayern Munich,Real Madrid,95,86,71.5,132.9,120.3,120.3,132.9
EuroLeague,2019-2020,Round 6,2019-11-01,KIROLBET Baskonia Vitoria-Gasteiz,FC Bayern Munich,93,60,71.5,130.1,83.9,83.9,130.1
EuroLeague,2019-2020,Round 7,2019-11-08,Fenerbahce Beko Istanbul,FC Bayern Munich,90,82,71.5,125.9,114.7,114.7,125.9
EuroLeague,2019-2020,Round 8,2019-11-15,Valencia Basket,FC Bayern Munich,82,56,71.5,114.7,78.3,78.3,114.7
EuroLeague,2019-2020,Round 9,2019-11-19,FC Bayern Munich,Olympiacos Piraeus,85,82,71.5,118.9,114.7,114.7,118.9
EuroLeague,2019-2020,Round 10,2019-11-22,FC Bayern Munich,Panathinaikos OPAP Athens,75,87,71.5,104.9,121.7,121.7,104.9
EuroLeague,2019-2020,Round 11,2019-11-29,Anadolu Efes Istanbul,FC Bayern Munich,104,75,71.5,145.5,104.9,104.9,145.5
EuroLeague,2019-2020,Round 12,2019-12-05,Maccabi FOX Tel Aviv,FC Bayern Munich,77,55,71.5,107.7,76.9,76.9,107.7
EuroLeague,2019-2020,Round 13,2019-12-13,FC Bayern Munich,Zenit St Petersburg,77,69,71.5,107.7,96.5,96.5,107.7
EuroLeague,2019-2020,Round 14,2019-12-18,ALBA Berlin,FC Bayern Munich,76,77,71.5,106.3,107.7,107.7,106.3
EuroLeague,2019-2020,Round 15,2019-12-20,FC Bayern Munich,FC Barcelona,67,77,71.5,93.7,107.7,107.7,93.7
EuroLeague,2019-2020,Round 16,2019-12-27,FC Bayern Munich,Zalgiris Kaunas,73,98,71.5,102.1,137.1,137.1,102.1
EuroLeague,2019-2020,Round 17,2020-01-02,Crvena Zvezda mts Belgrade,FC Bayern Munich,93,63,71.5,130.1,88.1,88.1,130.1
EuroLeague,2019-2020,Round 18,2020-01-10,FC Bayern Munich,CSKA Moscow,77,84,71.5,107.7,117.5,117.5,107.7
EuroLeague,2019-2020,Round 19,2020-01-15,Panathinaikos OPAP Athens,FC Bayern Munich,98,83,71.5,137.1,116.1,116.1,137.1
EuroLeague,2019-2020,Round 20,2020-01-17,Olympiacos Piraeus,FC Bayern Munich,89,72,71.5,124.5,100.7,100.7,124.5
EuroLeague,2019-2020,Round 21,2020-01-23,FC Bayern Munich,Maccabi FOX Tel Aviv,80,68,71.5,111.9,95.1,95.1,111.9
EuroLeague,2019-2020,Round 22,2020-01-30,AX Armani Exchange Milan,FC Bayern Munich,79,78,71.5,110.5,109.1,109.1,110.5
EuroLeague,2019-2020,Round 23,2020-02-04,LDLC ASVEL Villeurbanne,FC Bayern Munich,75,65,71.5,104.9,90.9,90.9,104.9
EuroLeague,2019-2020,Round 24,2020-02-07,FC Bayern Munich,Valencia Basket,59,66,71.5,82.5,92.3,92.3,82.5
EuroLeague,2019-2020,Round 25,2020-02-21,FC Bayern Munich,Anadolu Efes Istanbul,63,88,71.5,88.1,123.1,123.1,88.1
EuroLeague,2019-2020,Round 26,2020-02-27,Zenit St Petersburg,FC Bayern Munich,68,77,71.5,95.1,107.7,107.7,95.1
EuroLeague,2019-2020,Round 27,2020-03-04,FC Bayern Munich,KIROLBET Baskonia Vitoria-Gasteiz,71,80,71.5,99.3,111.9,111.9,99.3
EuroLeague,2019-2020,Round 28,2020-03-06,FC Barcelona,FC Bayern Munich,83,80,71.5,116.1,111.9,111.9,116.1
EuroLeague,2020-2021,Round 1,2020-10-02,FC Bayern Munich,AX Armani Exchange Milan,79,81,71.5,110.5,113.3,113.3,110.5
EuroLeague,2020-2021,Round 2,2020-10-09,ALBA Berlin,FC Bayern Munich,72,90,71.5,100.7,125.9,125.9,100.7
EuroLeague,2020-2021,Round 3,2020-10-14,Maccabi Playtika Tel Aviv,FC Bayern Munich,82,85,71.5,114.7,118.9,118.9,114.7
EuroLeague,2020-2021,Round 4,2020-10-16,Fenerbahce Beko Istanbul,FC Bayern Munich,71,75,71.5,99.3,104.9,104.9,99.3
EuroLeague,2020-2021,Round 5,2020-10-23,FC Bayern Munich,Olympiacos Piraeus,74,68,71.5,103.5,95.1,95.1,103.5
EuroLeague,2020-2021,Round 6,2020-10-29,Real Madrid,FC Bayern Munich,100,82,71.5,139.9,114.7,114.7,139.9
EuroLeague,2020-2021,Round 7,2020-11-06,FC Bayern Munich,Crvena Zvezda mts Belgrade,74,59,71.5,103.5,82.5,82.5,103.5
EuroLeague,2020-2021,Round 8,2020-11-13,FC Bayern Munich,Valencia Basket,90,79,71.5,125.9,110.5,110.5,125.9
EuroLeague,2020-2021,Round 9,2020-11-17,Anadolu Efes Istanbul,FC Bayern Munich,71,74,71.5,99.3,103.5,103.5,99.3
EuroLeague,2020-2021,Round 10,2020-11-19,FC Bayern Munich,CSKA Moscow,81,89,71.5,113.3,124.5,124.5,113.3
EuroLeague,2020-2021,Round 11,2020-11-27,Panathinaikos OPAP Athens,FC Bayern Munich,83,76,71.5,116.1,106.3,106.3,116.1
EuroLeague,2020-2021,Round 12,2020-12-04,FC Bayern Munich,Khimki Moscow Region,80,77,71.5,111.9,107.7,107.7,111.9
EuroLeague,2020-2021,Round 13,2020-12-11,FC Bayern Munich,LDLC ASVEL Villeurbanne,76,62,71.5,106.3,86.7,86.7,106.3
EuroLeague,2020-2021,Round 14,2020-12-16,Zenit St Petersburg,FC Bayern Munich,79,75,71.5,110.5,104.9,104.9,110.5
EuroLeague,2020-2021,Round 15,2020-12-18,FC Bayern Munich,TD Systems Baskonia Vitoria-Gasteiz,77,66,71.5,107.7,92.3,92.3,107.7
EuroLeague,2020-2021,Round 16,2020-12-23,Zalgiris Kaunas,FC Bayern Munich,74,73,71.5,103.5,102.1,102.1,103.5
EuroLeague,2020-2021,Round 17,2020-12-30,FC Bayern Munich,FC Barcelona,90,77,71.5,125.9,107.7,107.7,125.9
EuroLeague,2020-2021,Round 18,2021-01-08,Olympiacos Piraeus,FC Bayern Munich,84,82,71.5,117.5,114.7,114.7,117.5
EuroLeague,2020-2021,Round 19,2021-01-13,FC Bayern Munich,Zenit St Petersburg,82,80,71.5,114.7,111.9,111.9,114.7
EuroLeague,2020-2021,Round 20,2021-01-15,FC Bayern Munich,Real Madrid,76,81,71.5,106.3,113.3,113.3,106.3
EuroLeague,2020-2021,Round 21,2021-01-21,AX Armani Exchange Milan,FC Bayern Munich,75,51,71.5,104.9,71.3,71.3,104.9
EuroLeague,2020-2021,Round 22,2021-01-26,Khimki Moscow Region,FC Bayern Munich,93,95,71.5,130.1,132.9,132.9,130.1
EuroLeague,2020-2021,Round 23,2021-01-29,CSKA Moscow,FC Bayern Munich,66,69,71.5,92.3,96.5,96.5,92.3
EuroLeague,2020-2021,Round 24,2021-02-05,FC Bayern Munich,ALBA Berlin,101,95,71.5,141.3,132.9,132.9,141.3
EuroLeague,2020-2021,Round 25,2021-02-19,LDLC ASVEL Villeurbanne,FC Bayern Munich,87,79,71.5,121.7,110.5,110.5,121.7
EuroLeague,2020-2021,Round 26,2021-02-25,FC Bayern Munich,Maccabi Playtika Tel Aviv,72,70,71.5,100.7,97.9,97.9,100.7
EuroLeague,2020-2021,Round 27,2021-03-02,Crvena Zvezda mts Belgrade,FC Bayern Munich,76,78,71.5,106.3,109.1,109.1,106.3
EuroLeague,2020-2021,Round 28,2021-03-04,FC Bayern Munich,Panathinaikos OPAP Athens,76,71,71.5,106.3,99.3,99.3,106.3
EuroLeague,2020-2021,Round 29,2021-03-12,TD Systems Baskonia Vitoria-Gasteiz,FC Bayern Munich,78,71,71.5,109.1,99.3,99.3,109.1
EuroLeague,2020-2021,Round 30,2021-03-19,FC Bayern Munich,Anadolu Efes Istanbul,80,79,71.5,111.9,110.5,110.5,111.9
EuroLeague,2020-2021,Round 31,2021-03-25,Valencia Basket,FC Bayern Munich,83,76,71.5,116.1,106.3,106.3,116.1
EuroLeague,2020-2021,Round 32,2021-03-30,FC Bayern Munich,Fenerbahce Beko Istanbul,68,77,71.5,95.1,107.7,107.7,95.1
EuroLeague,2020-2021,Round 33,2021-04-01,FC Bayern Munich,Zalgiris Kaunas,71,70,71.5,99.3,97.9,97.9,99.3
EuroLeague,2020-2021,Round 34,2021-04-09,FC Barcelona,FC Bayern Munich,72,82,71.5,100.7,114.7,114.7,100.7
EuroLeague,2020-2021,Round 35,2021-04-20,AX Armani Exchange Milan,FC Bayern Munich,79,78,71.5,110.5,109.1,109.1,110.5
EuroLeague,2020-2021,Round 36,2021-04-22,AX Armani Exchange Milan,FC Bayern Munich,80,69,71.5,111.9,96.5,96.5,111.9
EuroLeague,2020-2021,Round 37,2021-04-28,FC Bayern Munich,AX Armani Exchange Milan,85,79,71.5,118.9,110.5,110.5,118.9
EuroLeague,2020-2021,Round 38,2021-04-30,FC Bayern Munich,AX Armani Exchange Milan,85,82,71.5,118.9,114.7,114.7,118.9
EuroLeague,2020-2021,Round 39,2021-05-04,AX Armani Exchange Milan,FC Bayern Munich,92,89,71.5,128.7,124.5,124.5,128.7
EuroLeague,2021-2022,Round 1,2021-09-30,Maccabi Playtika Tel Aviv,FC Bayern Munich,69,68,71.5,96.5,95.1,95.1,96.5
EuroLeague,2021-2022,Round 2,2021-10-07,FC Bayern Munich,FC Barcelona,72,80,71.5,100.7,111.9,111.9,100.7
EuroLeague,2021-2022,Round 3,2021-10-12,UNICS Kazan,FC Bayern Munich,73,70,71.5,102.1,97.9,97.9,102.1
EuroLeague,2021-2022,Round 4,2021-10-14,Zenit St Petersburg,FC Bayern Munich,79,71,71.5,110.5,99.3,99.3,110.5
EuroLeague,2021-2022,Round 5,2021-10-21,Zalgiris Kaunas,FC Bayern Munich,73,75,71.5,102.1,104.9,104.9,102.1
EuroLeague,2021-2022,Round 6,2021-10-26,FC Bayern Munich,AX Armani Exchange Milan,83,77,71.5,116.1,107.7,107.7,116.1
EuroLeague,2021-2022,Round 7,2021-10-28,ALBA Berlin,FC Bayern Munich,69,82,71.5,96.5,114.7,114.7,96.5
EuroLeague,2021-2022,Round 8,2021-11-05,FC Bayern Munich,Real Madrid,76,80,71.5,106.3,111.9,111.9,106.3
EuroLeague,2021-2022,Round 9,2021-11-12,AS Monaco,FC Bayern Munich,94,71,71.5,131.5,99.3,99.3,131.5
EuroLeague,2021-2022,Round 10,2021-11-16,FC Bayern Munich,Fenerbahce Beko Istanbul,71,63,71.5,99.3,88.1,88.1,99.3
EuroLeague,2021-2022,Round 11,2021-11-18,FC Bayern Munich,Panathinaikos OPAP Athens,81,78,71.5,113.3,109.1,109.1,113.3
EuroLeague,2021-2022,Round 12,2021-11-25,CSKA Moscow,FC Bayern Munich,77,74,71.5,107.7,103.5,103.5,107.7
EuroLeague,2021-2022,Round 13,2021-12-02,FC Bayern Munich,LDLC ASVEL Villeurbanne,73,65,71.5,102.1,90.9,90.9,102.1
EuroLeague,2021-2022,Round 14,2021-12-09,FC Bayern Munich,Anadolu Efes Istanbul,83,71,71.5,116.1,99.3,99.3,116.1
EuroLeague,2021-2022,Round 15,2021-12-15,Olympiacos Piraeus,FC Bayern Munich,83,60,71.5,116.1,83.9,83.9,116.1
EuroLeague,2021-2022,Round 16,2021-12-17,Crvena Zvezda mts Belgrade,FC Bayern Munich,81,78,71.5,113.3,109.1,109.1,113.3
EuroLeague,2021-2022,Round 17,2021-12-23,FC Bayern Munich,Bitci Baskonia Vitoria-Gasteiz,76,81,71.5,106.3,113.3,113.3,106.3
EuroLeague,2021-2022,Round 20,2022-01-11,FC Bayern Munich,Zalgiris Kaunas,74,65,71.5,103.5,90.9,90.9,103.5
EuroLeague,2021-2022,Round 21,2022-01-13,FC Bayern Munich,AS Monaco,78,83,71.5,109.1,116.1,116.1,109.1
EuroLeague,2021-2022,Round 22,2022-01-21,Bitci Baskonia Vitoria-Gasteiz,FC Bayern Munich,77,84,71.5,107.7,117.5,117.5,107.7
EuroLeague,2021-2022,Round 18,2022-01-25,LDLC ASVEL Villeurbanne,FC Bayern Munich,68,77,71.5,95.1,107.7,107.7,95.1
EuroLeague,2021-2022,Round 23,2022-01-28,FC Bayern Munich,ALBA Berlin,62,56,71.5,86.7,78.3,78.3,86.7
EuroLeague,2021-2022,Round 24,2022-02-01,FC Barcelona,FC Bayern Munich,71,66,71.5,99.3,92.3,92.3,99.3
EuroLeague,2021-2022,Round 25,2022-02-03,FC Bayern Munich,Maccabi Playtika Tel Aviv,70,52,71.5,97.9,72.7,72.7,97.9
EuroLeague,2021-2022,Round 28,2022-03-04,FC Bayern Munich,Olympiacos Piraeus,88,98,71.5,123.1,137.1,137.1,123.1
EuroLeague,2021-2022,Round 31,2022-03-22,Panathinaikos OPAP Athens,FC Bayern Munich,80,67,71.5,111.9,93.7,93.7,111.9
EuroLeague,2021-2022,Round 30,2022-03-29,AX Armani Exchange Milan,FC Bayern Munich,84,77,71.5,117.5,107.7,107.7,117.5
EuroLeague,2021-2022,Round 33,2022-04-01,FC Bayern Munich,Crvena Zvezda mts Belgrade,82,57,71.5,114.7,79.7,79.7,114.7
EuroLeague,2021-2022,Round 26,2022-04-04,Fenerbahce Beko Istanbul,FC Bayern Munich,81,76,71.5,113.3,106.3,106.3,113.3
EuroLeague,2021-2022,Round 19,2022-04-06,Anadolu Efes Istanbul,FC Bayern Munich,81,76,71.5,113.3,106.3,106.3,113.3
EuroLeague,2021-2022,Round 34,2022-04-08,Real Madrid,FC Bayern Munich,88,97,71.5,123.1,135.7,135.7,123.1
EuroLeague,2021-2022,Round 35,2022-04-19,FC Barcelona,FC Bayern Munich,77,67,71.5,107.7,93.7,93.7,107.7
EuroLeague,2021-2022,Round 36,2022-04-21,FC Barcelona,FC Bayern Munich,75,90,71.5,104.9,125.9,125.9,104.9
EuroLeague,2021-2022,Round 37,2022-04-27,FC Bayern Munich,FC Barcelona,66,75,71.5,92.3,104.9,104.9,92.3
EuroLeague,2021-2022,Round 38,2022-04-29,FC Bayern Munich,FC Barcelona,59,52,71.5,82.5,72.7,72.7,82.5
EuroLeague,2021-2022,Round 39,2022-05-03,FC Barcelona,FC Bayern Munich,81,72,71.5,113.3,100.7,100.7,113.3
EuroLeague,2022-2023,Round 1,2022-10-06,FC Bayern Munich,Fenerbahce Beko Istanbul,62,74,71.5,86.7,103.5,103.5,86.7
EuroLeague,2022-2023,Round 2,2022-10-13,Virtus Segafredo Bologna,FC Bayern Munich,66,63,71.5,92.3,88.1,88.1,92.3
EuroLeague,2022-2023,Round 3,2022-10-18,FC Bayern Munich,FC Barcelona,73,84,71.5,102.1,117.5,117.5,102.1
EuroLeague,2022-2023,Round 4,2022-10-20,FC Bayern Munich,EA7 Emporio Armani Milan,81,83,71.5,113.3,116.1,116.1,113.3
EuroLeague,2022-2023,Round 5,2022-10-28,Crvena Zvezda Meridianbet Belgrade,FC Bayern Munich,78,72,71.5,109.1,100.7,100.7,109.1
EuroLeague,2022-2023,Round 6,2022-11-03,FC Bayern Munich,Anadolu Efes Istanbul,81,78,71.5,113.3,109.1,109.1,113.3
EuroLeague,2022-2023,Round 7,2022-11-10,ALBA Berlin,FC Bayern Munich,77,79,71.5,107.7,110.5,110.5,107.7
EuroLeague,2022-2023,Round 8,2022-11-17,FC Bayern Munich,Olympiacos Piraeus,71,82,71.5,99.3,114.7,114.7,99.3
EuroLeague,2022-2023,Round 9,2022-11-23,LDLC ASVEL Villeurbanne,FC Bayern Munich,74,75,71.5,103.5,104.9,104.9,103.5
EuroLeague,2022-2023,Round 10,2022-11-25,AS Monaco,FC Bayern Munich,80,79,71.5,111.9,110.5,110.5,111.9
EuroLeague,2022-2023,Round 11,2022-12-02,FC Bayern Munich,Maccabi Playtika Tel Aviv,98,89,71.5,137.1,124.5,124.5,137.1
EuroLeague,2022-2023,Round 12,2022-12-09,Cazoo Baskonia Vitoria-Gasteiz,FC Bayern Munich,78,53,71.5,109.1,74.1,74.1,109.1
EuroLeague,2022-2023,Round 13,2022-12-13,FC Bayern Munich,Real Madrid,64,68,71.5,89.5,95.1,95.1,89.5
EuroLeague,2022-2023,Round 14,2022-12-15,FC Bayern Munich,Valencia Basket,97,92,71.5,135.7,128.7,128.7,135.7
EuroLeague,2022-2023,Round 15,2022-12-23,Zalgiris Kaunas,FC Bayern Munich,75,67,71.5,104.9,93.7,93.7,104.9
EuroLeague,2022-2023,Round 16,2022-12-29,Partizan Mozzart Bet Belgrade,FC Bayern Munich,83,77,71.5,116.1,107.7,107.7,116.1
EuroLeague,2022-2023,Round 17,2023-01-05,FC Bayern Munich,Panathinaikos Athens,84,68,71.5,117.5,95.1,95.1,117.5
EuroLeague,2022-2023,Round 18,2023-01-10,FC Bayern Munich,Cazoo Baskonia Vitoria-Gasteiz,92,79,71.5,128.7,110.5,110.5,128.7
EuroLeague,2022-2023,Round 19,2023-01-12,Fenerbahce Beko Istanbul,FC Bayern Munich,79,71,71.5,110.5,99.3,99.3,110.5
EuroLeague,2022-2023,Round 20,2023-01-20,Anadolu Efes Istanbul,FC Bayern Munich,81,89,71.5,113.3,124.5,124.5,113.3
EuroLeague,2022-2023,Round 21,2023-01-27,FC Bayern Munich,Virtus Segafredo Bologna,91,84,71.5,127.3,117.5,117.5,127.3
EuroLeague,2022-2023,Round 22,2023-01-31,Valencia Basket,FC Bayern Munich,82,73,71.5,114.7,102.1,102.1,114.7
EuroLeague,2022-2023,Round 23,2023-02-02,FC Barcelona,FC Bayern Munich,72,70,71.5,100.7,97.9,97.9,100.7
EuroLeague,2022-2023,Round 24,2023-02-09,FC Bayern Munich,Partizan Mozzart Bet Belgrade,71,82,71.5,99.3,114.7,114.7,99.3
EuroLeague,2022-2023,Round 25,2023-02-23,Maccabi Playtika Tel Aviv,FC Bayern Munich,90,82,71.5,125.9,114.7,114.7,125.9
EuroLeague,2022-2023,Round 26,2023-03-02,FC Bayern Munich,Crvena Zvezda Meridianbet Belgrade,87,80,71.5,121.7,111.9,111.9,121.7
EuroLeague,2022-2023,Round 27,2023-03-07,FC Bayern Munich,LDLC ASVEL Villeurbanne,76,72,71.5,106.3,100.7,100.7,106.3
EuroLeague,2022-2023,Round 28,2023-03-09,Olympiacos Piraeus,FC Bayern Munich,102,74,71.5,142.7,103.5,103.5,142.7
EuroLeague,2022-2023,Round 29,2023-03-17,FC Bayern Munich,ALBA Berlin,75,76,71.5,104.9,106.3,106.3,104.9
EuroLeague,2022-2023,Round 30,2023-03-24,EA7 Emporio Armani Milan,FC Bayern Munich,99,74,71.5,138.5,103.5,103.5,138.5
EuroLeague,2022-2023,Round 31,2023-03-28,Panathinaikos Athens,FC Bayern Munich,86,76,71.5,120.3,106.3,106.3,120.3
EuroLeague,2022-2023,Round 32,2023-03-31,FC Bayern Munich,AS Monaco,81,84,71.5,113.3,117.5,117.5,113.3
EuroLeague,2022-2023,Round 33,2023-04-06,Real Madrid,FC Bayern Munich,79,67,71.5,110.5,93.7,93.7,110.5
EuroLeague,2022-2023,Round 34,2023-04-14,FC Bayern Munich,Zalgiris Kaunas,80,83,71.5,111.9,116.1,116.1,111.9
EuroLeague,2023-2024,Round 1,2023-10-05,FC Bayern Munich,ALBA Berlin,80,68,71.5,111.9,95.1,95.1,111.9
EuroLeague,2023-2024,Round 2,2023-10-12,Panathinaikos AKTOR Athens,FC Bayern Munich,78,71,71.5,109.1,99.3,99.3,109.1
EuroLeague,2023-2024,Round 3,2023-10-17,Baskonia Vitoria-Gasteiz,FC Bayern Munich,68,76,71.5,95.1,106.3,106.3,95.1
EuroLeague,2023-2024,Round 4,2023-10-20,FC Barcelona,FC Bayern Munich,98,59,71.5,137.1,82.5,82.5,137.1
EuroLeague,2023-2024,Round 5,2023-10-27,FC Bayern Munich,Fenerbahce Beko Istanbul,67,76,71.5,93.7,106.3,106.3,93.7
EuroLeague,2023-2024,Round 6,2023-11-02,Crvena Zvezda Meridianbet Belgrade,FC Bayern Munich,74,68,71.5,103.5,95.1,95.1,103.5
EuroLeague,2023-2024,Round 7,2023-11-09,Maccabi Playtika Tel Aviv,FC Bayern Munich,93,90,71.5,130.1,125.9,125.9,130.1
EuroLeague,2023-2024,Round 8,2023-11-15,FC Bayern Munich,Partizan Mozzart Bet Belgrade,94,85,71.5,131.5,118.9,118.9,131.5
EuroLeague,2023-2024,Round 9,2023-11-17,Zalgiris Kaunas,FC Bayern Munich,74,73,71.5,103.5,102.1,102.1,103.5
EuroLeague,2023-2024,Round 10,2023-11-23,LDLC ASVEL Villeurbanne,FC Bayern Munich,100,101,71.5,139.9,141.3,141.3,139.9
EuroLeague,2023-2024,Round 11,2023-11-30,FC Bayern Munich,Virtus Segafredo Bologna,90,76,71.5,125.9,106.3,106.3,125.9
EuroLeague,2023-2024,Round 12,2023-12-05,FC Bayern Munich,EA7 Emporio Armani Milan,91,84,71.5,127.3,117.5,117.5,127.3
EuroLeague,2023-2024,Round 13,2023-12-08,Olympiacos Piraeus,FC Bayern Munich,77,69,71.5,107.7,96.5,96.5,107.7
EuroLeague,2023-2024,Round 14,2023-12-14,Real Madrid,FC Bayern Munich,88,73,71.5,123.1,102.1,102.1,123.1
EuroLeague,2023-2024,Round 15,2023-12-20,FC Bayern Munich,Anadolu Efes Istanbul,86,71,71.5,120.3,99.3,99.3,120.3
EuroLeague,2023-2024,Round 16,2023-12-22,FC Bayern Munich,AS Monaco,80,91,71.5,111.9,127.3,127.3,111.9
EuroLeague,2023-2024,Round 17,2023-12-28,FC Bayern Munich,Valencia Basket,85,84,71.5,118.9,117.5,117.5,118.9
EuroLeague,2023-2024,Round 18,2024-01-03,Virtus Segafredo Bologna,FC Bayern Munich,85,83,71.5,118.9,116.1,116.1,118.9
EuroLeague,2023-2024,Round 19,2024-01-05,EA7 Emporio Armani Milan,FC Bayern Munich,76,62,71.5,106.3,86.7,86.7,106.3
EuroLeague,2023-2024,Round 20,2024-01-09,FC Bayern Munich,Real Madrid,71,92,71.5,99.3,128.7,128.7,99.3
EuroLeague,2023-2024,Round 21,2024-01-11,Fenerbahce Beko Istanbul,FC Bayern Munich,98,91,71.5,137.1,127.3,127.3,137.1
EuroLeague,2023-2024,Round 22,2024-01-18,ALBA Berlin,FC Bayern Munich,65,82,71.5,90.9,114.7,114.7,90.9
EuroLeague,2023-2024,Round 23,2024-01-25,FC Bayern Munich,LDLC ASVEL Villeurbanne,64,76,71.5,89.5,106.3,106.3,89.5
EuroLeague,2023-2024,Round 24,2024-01-30,FC Bayern Munich,Baskonia Vitoria-Gasteiz,112,109,71.5,156.6,152.4,152.4,156.6
EuroLeague,2023-2024,Round 25,2024-02-01,FC Bayern Munich,Olympiacos Piraeus,72,76,71.5,100.7,106.3,106.3,100.7
EuroLeague,2023-2024,Round 26,2024-02-08,Partizan Mozzart Bet Belgrade,FC Bayern Munich,78,79,71.5,109.1,110.5,110.5,109.1
EuroLeague,2023-2024,Round 27,2024-03-01,FC Bayern Munich,Crvena Zvezda Meridianbet Belgrade,74,66,71.5,103.5,92.3,92.3,103.5
EuroLeague,2023-2024,Round 28,2024-03-07,Anadolu Efes Istanbul,FC Bayern Munich,109,86,71.5,152.4,120.3,120.3,152.4
EuroLeague,2023-2024,Round 29,2024-03-15,FC Bayern Munich,Zalgiris Kaunas,64,58,71.5,89.5,81.1,81.1,89.5
EuroLeague,2023-2024,Round 30,2024-03-20,Valencia Basket,FC Bayern Munich,70,68,71.5,97.9,95.1,95.1,97.9
EuroLeague,2023-2024,Round 31,2024-03-22,FC Bayern Munich,Maccabi Playtika Tel Aviv,74,89,71.5,103.5,124.5,124.5,103.5
EuroLeague,2023-2024,Round 32,2024-03-28,FC Bayern Munich,FC Barcelona,79,87,71.5,110.5,121.7,121.7,110.5
EuroLeague,2023-2024,Round 33,2024-04-05,FC Bayern Munich,Panathinaikos AKTOR Athens,75,82,71.5,104.9,114.7,114.7,104.9
EuroLeague,2023-2024,Round 34,2024-04-11,AS Monaco,FC Bayern Munich,89,85,71.5,124.5,118.9,118.9,124.5
EuroLeague,2024-2025,Round 1,2024-10-03,FC Bayern Munich,Real Madrid,97,89,71.5,135.7,124.5,124.5,135.7
EuroLeague,2024-2025,Round 2,2024-10-10,Panathinaikos AKTOR Athens,FC Bayern Munich,94,79,71.5,131.5,110.5,110.5,131.5
EuroLeague,2024-2025,Round 3,2024-10-15,Partizan Mozzart Bet Belgrade,FC Bayern Munich,86,78,71.5,120.3,109.1,109.1,120.3
EuroLeague,2024-2025,Round 4,2024-10-17,FC Bayern Munich,Paris Basketball,109,107,71.5,152.4,149.7,149.7,152.4
EuroLeague,2024-2025,Round 5,2024-10-25,FC Bayern Munich,Olympiacos Piraeus,84,80,71.5,117.5,111.9,111.9,117.5
EuroLeague,2024-2025,Round 6,2024-10-29,Virtus Segafredo Bologna,FC Bayern Munich,84,87,71.5,117.5,121.7,121.7,117.5
EuroLeague,2024-2025,Round 7,2024-11-01,LDLC ASVEL Villeurbanne,FC Bayern Munich,71,84,71.5,99.3,117.5,117.5,99.3
EuroLeague,2024-2025,Round 8,2024-11-07,FC Bayern Munich,Zalgiris Kaunas,77,74,71.5,107.7,103.5,103.5,107.7
EuroLeague,2024-2025,Round 9,2024-11-12,Fenerbahce Beko Istanbul,FC Bayern Munich,87,76,71.5,121.7,106.3,106.3,121.7
EuroLeague,2024-2025,Round 10,2024-11-14,FC Bayern Munich,ALBA Berlin,115,88,71.5,160.8,123.1,123.1,160.8
EuroLeague,2024-2025,Round 11,2024-11-22,FC Bayern Munich,FC Barcelona,100,78,71.5,139.9,109.1,109.1,139.9
EuroLeague,2024-2025,Round 12,2024-11-29,Crvena Zvezda Meridianbet Belgrade,FC Bayern Munich,101,77,71.5,141.3,107.7,107.7,141.3
EuroLeague,2024-2025,Round 13,2024-12-03,Anadolu Efes Istanbul,FC Bayern Munich,101,90,71.5,141.3,125.9,125.9,141.3
EuroLeague,2024-2025,Round 14,2024-12-05,FC Bayern Munich,Baskonia Vitoria-Gasteiz,94,80,71.5,131.5,111.9,111.9,131.5
EuroLeague,2024-2025,Round 15,2024-12-12,FC Bayern Munich,Maccabi Playtika Tel Aviv,98,93,71.5,137.1,130.1,130.1,137.1
EuroLeague,2024-2025,Round 16,2024-12-17,AS Monaco,FC Bayern Munich,93,74,71.5,130.1,103.5,103.5,130.1
EuroLeague,2024-2025,Round 17,2024-12-20,EA7 Emporio Armani Milan,FC Bayern Munich,78,79,71.5,109.1,110.5,110.5,109.1
EuroLeague,2024-2025,Round 18,2024-12-27,FC Bayern Munich,Panathinaikos AKTOR Athens,69,80,71.5,96.5,111.9,111.9,96.5
EuroLeague,2024-2025,Round 19,2025-01-03,Real Madrid,FC Bayern Munich,88,76,71.5,123.1,106.3,106.3,123.1
EuroLeague,2024-2025,Round 20,2025-01-10,Olympiacos Piraeus,FC Bayern Munich,112,69,71.5,156.6,96.5,96.5,156.6
EuroLeague,2024-2025,Round 21,2025-01-15,FC Bayern Munich,AS Monaco,95,94,71.5,132.9,131.5,131.5,132.9
EuroLeague,2024-2025,Round 22,2025-01-17,FC Bayern Munich,Virtus Segafredo Bologna,72,82,71.5,100.7,114.7,114.7,100.7
EuroLeague,2024-2025,Round 23,2025-01-24,ALBA Berlin,FC Bayern Munich,84,99,71.5,117.5,138.5,138.5,117.5
EuroLeague,2024-2025,Round 24,2025-01-30,Zalgiris Kaunas,FC Bayern Munich,82,97,71.5,114.7,135.7,135.7,114.7
EuroLeague,2024-2025,Round 25,2025-02-04,FC Bayern Munich,EA7 Emporio Armani Milan,87,70,71.5,121.7,97.9,97.9,121.7
EuroLeague,2024-2025,Round 26,2025-02-06,FC Bayern Munich,LDLC ASVEL Villeurbanne,76,67,71.5,106.3,93.7,93.7,106.3
EuroLeague,2024-2025,Round 27,2025-02-27,Paris Basketball,FC Bayern Munich,93,88,71.5,130.1,123.1,123.1,130.1
EuroLeague,2024-2025,Round 28,2025-03-06,FC Bayern Munich,Crvena Zvezda Meridianbet Belgrade,100,82,71.5,139.9,114.7,114.7,139.9
EuroLeague,2024-2025,Round 29,2025-03-14,FC Bayern Munich,Anadolu Efes Istanbul,92,97,71.5,128.7,135.7,135.7,128.7
EuroLeague,2024-2025,Round 30,2025-03-20,Baskonia Vitoria-Gasteiz,FC Bayern Munich,112,89,71.5,156.6,124.5,124.5,156.6
EuroLeague,2024-2025,Round 31,2025-03-25,FC Barcelona,FC Bayern Munich,101,102,71.5,141.3,142.7,142.7,141.3
EuroLeague,2024-2025,Round 32,2025-03-27,FC Bayern Munich,Partizan Mozzart Bet Belgrade,89,74,71.5,124.5,103.5,103.5,124.5
EuroLeague,2024-2025,Round 33,2025-04-03,Maccabi Playtika Tel Aviv,FC Bayern Munich,93,90,71.5,130.1,125.9,125.9,130.1
EuroLeague,2024-2025,Round 34,2025-04-10,FC Bayern Munich,Fenerbahce Beko Istanbul,77,89,71.5,107.7,124.5,124.5,107.7
EuroLeague,2024-2025,Round 35,2025-04-15,FC Bayern Munich,Crvena Zvezda Meridianbet Belgrade,97,93,71.5,135.7,130.1,130.1,135.7
EuroLeague,2024-2025,Round 36,2025-04-18,Real Madrid,FC Bayern Munich,93,71,71.5,130.1,99.3,99.3,130.1
